<?xml version='1.0' encoding='UTF-8'?>
<SOAP-ENV:Envelope xmlns:SOAP-ENV="http://schemas.xmlsoap.org/soap/envelope/" xmlns:xsi="http://www.w3.org/2001/XMLSchema-instance" xmlns:xsd="http://www.w3.org/2001/XMLSchema">
<SOAP-ENV:Body>
<ns1:getResultsResponse xmlns:ns1="http://gov.epa.storet.storetresultservice/StoretResultService.wsdl" SOAP-ENV:encodingStyle="http://xml.apache.org/xml-soap/literalxml">
<return>
<WQX><Organization><OrganizationDescription><OrganizationIdentifier>21FLSUW </OrganizationIdentifier><OrganizationFormalName>Suwannee River Water Management District (Florida)</OrganizationFormalName></OrganizationDescription><Activity><ActivityDescription><ActivityIdentifier>23084418</ActivityIdentifier><ActivityTypeCode>Sample       </ActivityTypeCode><ActivityMediaName>Water</ActivityMediaName><ActivityStartDate>2003-08-14</ActivityStartDate><ProjectIdentifier>UNKNOWN </ProjectIdentifier></ActivityDescription><MonitoringLocation><MonitoringLocationIdentifier>WAT001C1       </MonitoringLocationIdentifier><MonitoringLocationName>WATERTOWN LAKE</MonitoringLocationName></MonitoringLocation><Result><ResultDescription><CharacteristicName>Specific conductance</CharacteristicName><ResultSampleFractionText>Total</ResultSampleFractionText><ResultMeasure><ResultMeasureValue>103000</ResultMeasureValue><MeasureUnitCode>uS/cm     </MeasureUnitCode></ResultMeasure><ResultStatusIdentifier>F</ResultStatusIdentifier><ResultValueTypeName>Actual    </ResultValueTypeName><DataQuality/><ResultCommentText/></ResultDescription><ResultAnalyticalMethod><MethodIdentifier>120.1          </MethodIdentifier><MethodIdentifierContext>USEPA       </MethodIdentifierContext></ResultAnalyticalMethod><ResultLabInformation><ResultLaboratoryCommentCode/></ResultLabInformation></Result></Activity><Activity><ActivityDescription><ActivityIdentifier>23084418F</ActivityIdentifier><ActivityTypeCode>Field Msr/Obs</ActivityTypeCode><ActivityMediaName>Water</ActivityMediaName><ActivityStartDate>2003-08-14</ActivityStartDate><ProjectIdentifier>UNKNOWN </ProjectIdentifier></ActivityDescription><MonitoringLocation><MonitoringLocationIdentifier>WAT001C1       </MonitoringLocationIdentifier><MonitoringLocationName>WATERTOWN LAKE</MonitoringLocationName></MonitoringLocation><Result><ResultDescription><CharacteristicName>Specific conductance</CharacteristicName><ResultSampleFractionText> </ResultSampleFractionText><ResultMeasure><ResultMeasureValue>109</ResultMeasureValue><MeasureUnitCode>uS/cm     </MeasureUnitCode></ResultMeasure><ResultStatusIdentifier>F</ResultStatusIdentifier><ResultValueTypeName>Actual    </ResultValueTypeName><DataQuality/><ResultCommentText/></ResultDescription><ResultAnalyticalMethod><MethodIdentifier>120.1          </MethodIdentifier><MethodIdentifierContext>USEPA       </MethodIdentifierContext></ResultAnalyticalMethod><ResultLabInformation><ResultLaboratoryCommentCode/></ResultLabInformation></Result></Activity><Activity><ActivityDescription><ActivityIdentifier>23084436</ActivityIdentifier><ActivityTypeCode>Sample       </ActivityTypeCode><ActivityMediaName>Water</ActivityMediaName><ActivityStartDate>2003-08-14</ActivityStartDate><ProjectIdentifier>UNKNOWN </ProjectIdentifier></ActivityDescription><MonitoringLocation><MonitoringLocationIdentifier>WAT001C1       </MonitoringLocationIdentifier><MonitoringLocationName>WATERTOWN LAKE</MonitoringLocationName></MonitoringLocation><Result><ResultDescription><CharacteristicName>Specific conductance</CharacteristicName><ResultSampleFractionText>Total</ResultSampleFractionText><ResultMeasure><ResultMeasureValue>103000</ResultMeasureValue><MeasureUnitCode>uS/cm     </MeasureUnitCode></ResultMeasure><ResultStatusIdentifier>F</ResultStatusIdentifier><ResultValueTypeName>Actual    </ResultValueTypeName><DataQuality/><ResultCommentText/></ResultDescription><ResultAnalyticalMethod><MethodIdentifier>120.1          </MethodIdentifier><MethodIdentifierContext>USEPA       </MethodIdentifierContext></ResultAnalyticalMethod><ResultLabInformation><ResultLaboratoryCommentCode/></ResultLabInformation></Result></Activity><Activity><ActivityDescription><ActivityIdentifier>23084436F</ActivityIdentifier><ActivityTypeCode>Field Msr/Obs</ActivityTypeCode><ActivityMediaName>Water</ActivityMediaName><ActivityStartDate>2003-08-14</ActivityStartDate><ProjectIdentifier>UNKNOWN </ProjectIdentifier></ActivityDescription><MonitoringLocation><MonitoringLocationIdentifier>WAT001C1       </MonitoringLocationIdentifier><MonitoringLocationName>WATERTOWN LAKE</MonitoringLocationName></MonitoringLocation><Result><ResultDescription><CharacteristicName>Specific conductance</CharacteristicName><ResultSampleFractionText> </ResultSampleFractionText><ResultMeasure><ResultMeasureValue>109</ResultMeasureValue><MeasureUnitCode>uS/cm     </MeasureUnitCode></ResultMeasure><ResultStatusIdentifier>F</ResultStatusIdentifier><ResultValueTypeName>Actual    </ResultValueTypeName><DataQuality/><ResultCommentText/></ResultDescription><ResultAnalyticalMethod><MethodIdentifier>120.1          </MethodIdentifier><MethodIdentifierContext>USEPA       </MethodIdentifierContext></ResultAnalyticalMethod><ResultLabInformation><ResultLaboratoryCommentCode/></ResultLabInformation></Result></Activity><Activity><ActivityDescription><ActivityIdentifier>98051234</ActivityIdentifier><ActivityTypeCode>Sample       </ActivityTypeCode><ActivityMediaName>Water</ActivityMediaName><ActivityStartDate>1998-06-22</ActivityStartDate><ProjectIdentifier>LS      </ProjectIdentifier></ActivityDescription><MonitoringLocation><MonitoringLocationIdentifier>WAT001C1       </MonitoringLocationIdentifier><MonitoringLocationName>WATERTOWN LAKE</MonitoringLocationName></MonitoringLocation><Result><ResultDescription><CharacteristicName>Specific conductance</CharacteristicName><ResultSampleFractionText>Total</ResultSampleFractionText><ResultMeasure><ResultMeasureValue>124</ResultMeasureValue><MeasureUnitCode>uS/cm     </MeasureUnitCode></ResultMeasure><ResultStatusIdentifier>F</ResultStatusIdentifier><ResultValueTypeName>Actual    </ResultValueTypeName><DataQuality/><ResultCommentText/></ResultDescription><ResultAnalyticalMethod><MethodIdentifier>120.1          </MethodIdentifier><MethodIdentifierContext>USEPA       </MethodIdentifierContext></ResultAnalyticalMethod><ResultLabInformation><ResultLaboratoryCommentCode/></ResultLabInformation></Result></Activity><Activity><ActivityDescription><ActivityIdentifier>98051234F</ActivityIdentifier><ActivityTypeCode>Field Msr/Obs</ActivityTypeCode><ActivityMediaName>Water</ActivityMediaName><ActivityStartDate>1998-06-22</ActivityStartDate><ProjectIdentifier>LS      </ProjectIdentifier></ActivityDescription><MonitoringLocation><MonitoringLocationIdentifier>WAT001C1       </MonitoringLocationIdentifier><MonitoringLocationName>WATERTOWN LAKE</MonitoringLocationName></MonitoringLocation><Result><ResultDescription><CharacteristicName>Specific conductance</CharacteristicName><ResultSampleFractionText> </ResultSampleFractionText><ResultMeasure><ResultMeasureValue>140</ResultMeasureValue><MeasureUnitCode>uS/cm     </MeasureUnitCode></ResultMeasure><ResultStatusIdentifier>F</ResultStatusIdentifier><ResultValueTypeName>Actual    </ResultValueTypeName><DataQuality/><ResultCommentText/></ResultDescription><ResultAnalyticalMethod><MethodIdentifier>120.1          </MethodIdentifier><MethodIdentifierContext>USEPA       </MethodIdentifierContext></ResultAnalyticalMethod><ResultLabInformation><ResultLaboratoryCommentCode/></ResultLabInformation></Result></Activity></Organization></WQX>
</return>
</ns1:getResultsResponse>

</SOAP-ENV:Body>
</SOAP-ENV:Envelope>

