<?xml version='1.0' encoding='UTF-8'?>
<SOAP-ENV:Envelope xmlns:SOAP-ENV="http://schemas.xmlsoap.org/soap/envelope/" xmlns:xsi="http://www.w3.org/2001/XMLSchema-instance" xmlns:xsd="http://www.w3.org/2001/XMLSchema">
<SOAP-ENV:Body>
<ns1:getResultsResponse xmlns:ns1="http://gov.epa.storet.storetresultservice/StoretResultService.wsdl" SOAP-ENV:encodingStyle="http://xml.apache.org/xml-soap/literalxml">
<return>
<WQX><Organization><OrganizationDescription><OrganizationIdentifier>EMAP-CS </OrganizationIdentifier><OrganizationFormalName>Environmental Monitoring and Assessment Program</OrganizationFormalName></OrganizationDescription></Organization></WQX>
</return>
</ns1:getResultsResponse>

</SOAP-ENV:Body>
</SOAP-ENV:Envelope>

