<?xml version='1.0' encoding='UTF-8'?>
<!-- For the "StoretResultService"
 Matching characteristic by just text will be an issue.
This returns both 'pH' and 'Phosphorus as P'
ORG:UTAHDWQ
Site:5982090
CharacteristicName:pH
-->

<SOAP-ENV:Envelope xmlns:SOAP-ENV="http://schemas.xmlsoap.org/soap/envelope/" xmlns:xsi="http://www.w3.org/2001/XMLSchema-instance" xmlns:xsd="http://www.w3.org/2001/XMLSchema">
<SOAP-ENV:Body>
<ns1:getResultsResponse xmlns:ns1="http://gov.epa.storet.storetresultservice/StoretResultService.wsdl" SOAP-ENV:encodingStyle="http://xml.apache.org/xml-soap/literalxml">
<return>
<WQX><Organization><OrganizationDescription><OrganizationIdentifier>UTAHDWQ </OrganizationIdentifier><OrganizationFormalName>Utah Department Of Environmental Quality</OrganizationFormalName></OrganizationDescription><Activity><ActivityDescription><ActivityIdentifier>199907885</ActivityIdentifier><ActivityTypeCode>Field Msr/Obs</ActivityTypeCode><ActivityMediaName>Water</ActivityMediaName><ActivityStartDate>1999-08-17</ActivityStartDate><ProjectIdentifier>350     </ProjectIdentifier></ActivityDescription><MonitoringLocation><MonitoringLocationIdentifier>5982090        </MonitoringLocationIdentifier><MonitoringLocationName>CIRCLE FOUR FARMS SITE WELL 41102MD2</MonitoringLocationName></MonitoringLocation><Result><ResultDescription><CharacteristicName>pH</CharacteristicName><ResultSampleFractionText>Total</ResultSampleFractionText><ResultMeasure><ResultMeasureValue>7.3</ResultMeasureValue><MeasureUnitCode>None      </MeasureUnitCode></ResultMeasure><ResultStatusIdentifier>F</ResultStatusIdentifier><ResultValueTypeName>Actual    </ResultValueTypeName><ResultTimeBasisText>          </ResultTimeBasisText><DataQuality/><ResultCommentText/></ResultDescription><ResultAnalyticalMethod><MethodIdentifier>FIELD MEASURES </MethodIdentifier><MethodIdentifierContext>UTAHDWQ     </MethodIdentifierContext></ResultAnalyticalMethod><ResultLabInformation><ResultLaboratoryCommentCode/></ResultLabInformation></Result></Activity><Activity><ActivityDescription><ActivityIdentifier>199907885C</ActivityIdentifier><ActivityTypeCode>Sample       </ActivityTypeCode><ActivityMediaName>Water</ActivityMediaName><ActivityStartDate>1999-08-17</ActivityStartDate><ProjectIdentifier>350     </ProjectIdentifier></ActivityDescription><MonitoringLocation><MonitoringLocationIdentifier>5982090        </MonitoringLocationIdentifier><MonitoringLocationName>CIRCLE FOUR FARMS SITE WELL 41102MD2</MonitoringLocationName></MonitoringLocation><Result><ResultDescription><CharacteristicName>Phosphorus as P</CharacteristicName><ResultSampleFractionText>Total</ResultSampleFractionText><ResultMeasure><ResultMeasureValue>26</ResultMeasureValue><MeasureUnitCode>ug/l      </MeasureUnitCode></ResultMeasure><ResultStatusIdentifier>F</ResultStatusIdentifier><ResultValueTypeName>Actual    </ResultValueTypeName><DataQuality/><ResultCommentText/></ResultDescription><ResultAnalyticalMethod><MethodIdentifier>GENERIC METHOD2</MethodIdentifier><MethodIdentifierContext>UTAHDWQ     </MethodIdentifierContext></ResultAnalyticalMethod><ResultLabInformation><LaboratoryName>Utah DOH Division of Epidemilogy and Laboratory Services</LaboratoryName><ResultLaboratoryCommentCode/></ResultLabInformation></Result><Result><ResultDescription><CharacteristicName>pH</CharacteristicName><ResultSampleFractionText>Total</ResultSampleFractionText><ResultMeasure><ResultMeasureValue>8.07</ResultMeasureValue><MeasureUnitCode>None      </MeasureUnitCode></ResultMeasure><ResultStatusIdentifier>F</ResultStatusIdentifier><ResultValueTypeName>Actual    </ResultValueTypeName><DataQuality/><ResultCommentText/></ResultDescription><ResultAnalyticalMethod><MethodIdentifier>GENERIC METHOD </MethodIdentifier><MethodIdentifierContext>UTAHDWQ     </MethodIdentifierContext></ResultAnalyticalMethod><ResultLabInformation><LaboratoryName>Utah DOH Division of Epidemilogy and Laboratory Services</LaboratoryName><ResultLaboratoryCommentCode/></ResultLabInformation></Result></Activity><Activity><ActivityDescription><ActivityIdentifier>200105474C</ActivityIdentifier><ActivityTypeCode>Sample       </ActivityTypeCode><ActivityMediaName>Water</ActivityMediaName><ActivityStartDate>2001-07-18</ActivityStartDate><ProjectIdentifier>352     </ProjectIdentifier></ActivityDescription><MonitoringLocation><MonitoringLocationIdentifier>5982090        </MonitoringLocationIdentifier><MonitoringLocationName>CIRCLE FOUR FARMS SITE WELL 41102MD2</MonitoringLocationName></MonitoringLocation><Result><ResultDescription><CharacteristicName>pH</CharacteristicName><ResultSampleFractionText>Total</ResultSampleFractionText><ResultMeasure><ResultMeasureValue>8.06</ResultMeasureValue><MeasureUnitCode>None      </MeasureUnitCode></ResultMeasure><ResultStatusIdentifier>F</ResultStatusIdentifier><ResultValueTypeName>Actual    </ResultValueTypeName><DataQuality/><ResultCommentText/></ResultDescription><ResultAnalyticalMethod><MethodIdentifier>2320           </MethodIdentifier><MethodIdentifierContext>APHA        </MethodIdentifierContext></ResultAnalyticalMethod><ResultLabInformation><LaboratoryName>Utah DOH Division of Epidemilogy and Laboratory Services</LaboratoryName><AnalysisStartDate>2001-07-23</AnalysisStartDate><AnalysisStartTime><Time>00:00:00</Time></AnalysisStartTime><ResultLaboratoryCommentCode/></ResultLabInformation></Result><Result><ResultDescription><CharacteristicName>Phosphorus as P</CharacteristicName><ResultSampleFractionText>Total</ResultSampleFractionText><ResultMeasure><ResultMeasureValue>146</ResultMeasureValue><MeasureUnitCode>ug/l      </MeasureUnitCode></ResultMeasure><ResultStatusIdentifier>F</ResultStatusIdentifier><ResultValueTypeName>Actual    </ResultValueTypeName><DataQuality/><ResultCommentText/></ResultDescription><ResultAnalyticalMethod><MethodIdentifier>365.1          </MethodIdentifier><MethodIdentifierContext>USEPA       </MethodIdentifierContext></ResultAnalyticalMethod><ResultLabInformation><LaboratoryName>Utah DOH Division of Epidemilogy and Laboratory Services</LaboratoryName><AnalysisStartDate>2001-08-13</AnalysisStartDate><AnalysisStartTime><Time>00:00:00</Time></AnalysisStartTime><ResultLaboratoryCommentCode/></ResultLabInformation></Result></Activity><Activity><ActivityDescription><ActivityIdentifier>200208418C</ActivityIdentifier><ActivityTypeCode>Sample       </ActivityTypeCode><ActivityMediaName>Water</ActivityMediaName><ActivityStartDate>2002-10-10</ActivityStartDate><ProjectIdentifier>352     </ProjectIdentifier></ActivityDescription><MonitoringLocation><MonitoringLocationIdentifier>5982090        </MonitoringLocationIdentifier><MonitoringLocationName>CIRCLE FOUR FARMS SITE WELL 41102MD2</MonitoringLocationName></MonitoringLocation><Result><ResultDescription><CharacteristicName>pH</CharacteristicName><ResultSampleFractionText>Total</ResultSampleFractionText><ResultMeasure><ResultMeasureValue>8.06</ResultMeasureValue><MeasureUnitCode>None      </MeasureUnitCode></ResultMeasure><ResultStatusIdentifier>F</ResultStatusIdentifier><ResultValueTypeName>Actual    </ResultValueTypeName><DataQuality/><ResultCommentText/></ResultDescription><ResultAnalyticalMethod><MethodIdentifier>2320           </MethodIdentifier><MethodIdentifierContext>APHA        </MethodIdentifierContext></ResultAnalyticalMethod><ResultLabInformation><LaboratoryName>Utah DOH Division of Epidemilogy and Laboratory Services</LaboratoryName><AnalysisStartDate>2002-10-16</AnalysisStartDate><AnalysisStartTime><Time>00:00:00</Time></AnalysisStartTime><ResultLaboratoryCommentCode/></ResultLabInformation></Result></Activity><Activity><ActivityDescription><ActivityIdentifier>200401285C</ActivityIdentifier><ActivityTypeCode>Sample       </ActivityTypeCode><ActivityMediaName>Water</ActivityMediaName><ActivityStartDate>2004-02-17</ActivityStartDate><ProjectIdentifier>352     </ProjectIdentifier></ActivityDescription><MonitoringLocation><MonitoringLocationIdentifier>5982090        </MonitoringLocationIdentifier><MonitoringLocationName>CIRCLE FOUR FARMS SITE WELL 41102MD2</MonitoringLocationName></MonitoringLocation><Result><ResultDescription><CharacteristicName>Phosphorus as P</CharacteristicName><ResultSampleFractionText>Total</ResultSampleFractionText><ResultMeasure><ResultMeasureValue>42</ResultMeasureValue><MeasureUnitCode>ug/l      </MeasureUnitCode></ResultMeasure><ResultStatusIdentifier>F</ResultStatusIdentifier><ResultValueTypeName>Actual    </ResultValueTypeName><ResultWeightBasisText>            </ResultWeightBasisText><ResultTimeBasisText>          </ResultTimeBasisText><ResultTemperatureBasisText>        </ResultTemperatureBasisText><DataQuality/><ResultCommentText/></ResultDescription><ResultAnalyticalMethod><MethodIdentifier>365.1          </MethodIdentifier><MethodIdentifierContext>USEPA       </MethodIdentifierContext></ResultAnalyticalMethod><ResultLabInformation><LaboratoryName>Utah DOH Division of Epidemilogy and Laboratory Services</LaboratoryName><AnalysisStartDate>2004-03-14</AnalysisStartDate><AnalysisStartTime><Time>00:00:00</Time></AnalysisStartTime><ResultLaboratoryCommentCode/></ResultLabInformation></Result><Result><ResultDescription><CharacteristicName>pH</CharacteristicName><ResultSampleFractionText>Total</ResultSampleFractionText><ResultMeasure><ResultMeasureValue>8</ResultMeasureValue><MeasureUnitCode>None      </MeasureUnitCode></ResultMeasure><ResultStatusIdentifier>F</ResultStatusIdentifier><ResultValueTypeName>Actual    </ResultValueTypeName><ResultWeightBasisText>            </ResultWeightBasisText><ResultTimeBasisText>          </ResultTimeBasisText><ResultTemperatureBasisText>        </ResultTemperatureBasisText><DataQuality/><ResultCommentText/></ResultDescription><ResultAnalyticalMethod><MethodIdentifier>2320           </MethodIdentifier><MethodIdentifierContext>APHA        </MethodIdentifierContext></ResultAnalyticalMethod><ResultLabInformation><LaboratoryName>Utah DOH Division of Epidemilogy and Laboratory Services</LaboratoryName><AnalysisStartDate>2004-02-18</AnalysisStartDate><AnalysisStartTime><Time>00:00:00</Time></AnalysisStartTime><ResultLaboratoryCommentCode/></ResultLabInformation></Result></Activity><Activity><ActivityDescription><ActivityIdentifier>200408665C</ActivityIdentifier><ActivityTypeCode>Sample       </ActivityTypeCode><ActivityMediaName>Water</ActivityMediaName><ActivityStartDate>2004-10-04</ActivityStartDate><ProjectIdentifier>352     </ProjectIdentifier></ActivityDescription><MonitoringLocation><MonitoringLocationIdentifier>5982090        </MonitoringLocationIdentifier><MonitoringLocationName>CIRCLE FOUR FARMS SITE WELL 41102MD2</MonitoringLocationName></MonitoringLocation><Result><ResultDescription><CharacteristicName>Phosphorus as P</CharacteristicName><ResultSampleFractionText>Total</ResultSampleFractionText><ResultMeasure><ResultMeasureValue>35</ResultMeasureValue><MeasureUnitCode>ug/l      </MeasureUnitCode></ResultMeasure><ResultStatusIdentifier>F</ResultStatusIdentifier><ResultValueTypeName>Actual    </ResultValueTypeName><ResultWeightBasisText>            </ResultWeightBasisText><ResultTimeBasisText>          </ResultTimeBasisText><ResultTemperatureBasisText>        </ResultTemperatureBasisText><DataQuality/><ResultCommentText/></ResultDescription><ResultAnalyticalMethod><MethodIdentifier>365.1          </MethodIdentifier><MethodIdentifierContext>USEPA       </MethodIdentifierContext></ResultAnalyticalMethod><ResultLabInformation><LaboratoryName>Utah DOH Division of Epidemilogy and Laboratory Services</LaboratoryName><AnalysisStartDate>2004-10-25</AnalysisStartDate><AnalysisStartTime><Time>00:00:00</Time></AnalysisStartTime><ResultLaboratoryCommentCode/></ResultLabInformation></Result><Result><ResultDescription><CharacteristicName>pH</CharacteristicName><ResultSampleFractionText>Total</ResultSampleFractionText><ResultMeasure><ResultMeasureValue>7.85</ResultMeasureValue><MeasureUnitCode>None      </MeasureUnitCode></ResultMeasure><ResultStatusIdentifier>F</ResultStatusIdentifier><ResultValueTypeName>Actual    </ResultValueTypeName><ResultWeightBasisText>            </ResultWeightBasisText><ResultTimeBasisText>          </ResultTimeBasisText><ResultTemperatureBasisText>        </ResultTemperatureBasisText><DataQuality/><ResultCommentText>pH should be performed as a field test.  </ResultCommentText></ResultDescription><ResultAnalyticalMethod><MethodIdentifier>2320           </MethodIdentifier><MethodIdentifierContext>APHA        </MethodIdentifierContext></ResultAnalyticalMethod><ResultLabInformation><LaboratoryName>Utah DOH Division of Epidemilogy and Laboratory Services</LaboratoryName><AnalysisStartDate>2004-10-19</AnalysisStartDate><AnalysisStartTime><Time>00:00:00</Time></AnalysisStartTime><ResultLaboratoryCommentCode/></ResultLabInformation></Result></Activity><Activity><ActivityDescription><ActivityIdentifier>200507456C</ActivityIdentifier><ActivityTypeCode>Sample       </ActivityTypeCode><ActivityMediaName>Water</ActivityMediaName><ActivityStartDate>2005-10-04</ActivityStartDate><ProjectIdentifier>352     </ProjectIdentifier></ActivityDescription><MonitoringLocation><MonitoringLocationIdentifier>5982090        </MonitoringLocationIdentifier><MonitoringLocationName>CIRCLE FOUR FARMS SITE WELL 41102MD2</MonitoringLocationName></MonitoringLocation><Result><ResultDescription><CharacteristicName>Phosphorus as P</CharacteristicName><ResultSampleFractionText>Total</ResultSampleFractionText><ResultMeasure><ResultMeasureValue>27</ResultMeasureValue><MeasureUnitCode>ug/l      </MeasureUnitCode></ResultMeasure><ResultStatusIdentifier>F</ResultStatusIdentifier><ResultValueTypeName>Actual    </ResultValueTypeName><ResultWeightBasisText>            </ResultWeightBasisText><ResultTimeBasisText>          </ResultTimeBasisText><ResultTemperatureBasisText>        </ResultTemperatureBasisText><DataQuality/><ResultCommentText/></ResultDescription><ResultAnalyticalMethod><MethodIdentifier>365.1          </MethodIdentifier><MethodIdentifierContext>USEPA       </MethodIdentifierContext></ResultAnalyticalMethod><ResultLabInformation><LaboratoryName>Utah DOH Division of Epidemilogy and Laboratory Services</LaboratoryName><AnalysisStartDate>2005-10-31</AnalysisStartDate><AnalysisStartTime><Time>00:00:00</Time></AnalysisStartTime><ResultLaboratoryCommentCode/></ResultLabInformation></Result><Result><ResultDescription><CharacteristicName>pH</CharacteristicName><ResultSampleFractionText>Total</ResultSampleFractionText><ResultMeasure><ResultMeasureValue>8.63</ResultMeasureValue><MeasureUnitCode>None      </MeasureUnitCode></ResultMeasure><ResultStatusIdentifier>F</ResultStatusIdentifier><ResultValueTypeName>Actual    </ResultValueTypeName><ResultWeightBasisText>            </ResultWeightBasisText><ResultTimeBasisText>          </ResultTimeBasisText><ResultTemperatureBasisText>        </ResultTemperatureBasisText><DataQuality/><ResultCommentText>pH should be performed as a field test.  </ResultCommentText></ResultDescription><ResultAnalyticalMethod><MethodIdentifier>2320           </MethodIdentifier><MethodIdentifierContext>APHA        </MethodIdentifierContext></ResultAnalyticalMethod><ResultLabInformation><LaboratoryName>Utah DOH Division of Epidemilogy and Laboratory Services</LaboratoryName><AnalysisStartDate>2005-10-17</AnalysisStartDate><AnalysisStartTime><Time>00:00:00</Time></AnalysisStartTime><ResultLaboratoryCommentCode/></ResultLabInformation></Result></Activity><Activity><ActivityDescription><ActivityIdentifier>200507457C</ActivityIdentifier><ActivityTypeCode>Sample       </ActivityTypeCode><ActivityMediaName>Water</ActivityMediaName><ActivityStartDate>2005-10-04</ActivityStartDate><ProjectIdentifier>352     </ProjectIdentifier></ActivityDescription><MonitoringLocation><MonitoringLocationIdentifier>5982090        </MonitoringLocationIdentifier><MonitoringLocationName>CIRCLE FOUR FARMS SITE WELL 41102MD2</MonitoringLocationName></MonitoringLocation><Result><ResultDescription><CharacteristicName>Phosphorus as P</CharacteristicName><ResultSampleFractionText>Total</ResultSampleFractionText><ResultMeasure><ResultMeasureValue>30</ResultMeasureValue><MeasureUnitCode>ug/l      </MeasureUnitCode></ResultMeasure><ResultStatusIdentifier>F</ResultStatusIdentifier><ResultValueTypeName>Actual    </ResultValueTypeName><ResultWeightBasisText>            </ResultWeightBasisText><ResultTimeBasisText>          </ResultTimeBasisText><ResultTemperatureBasisText>        </ResultTemperatureBasisText><DataQuality/><ResultCommentText/></ResultDescription><ResultAnalyticalMethod><MethodIdentifier>365.1          </MethodIdentifier><MethodIdentifierContext>USEPA       </MethodIdentifierContext></ResultAnalyticalMethod><ResultLabInformation><LaboratoryName>Utah DOH Division of Epidemilogy and Laboratory Services</LaboratoryName><AnalysisStartDate>2005-10-31</AnalysisStartDate><AnalysisStartTime><Time>00:00:00</Time></AnalysisStartTime><ResultLaboratoryCommentCode/></ResultLabInformation></Result><Result><ResultDescription><CharacteristicName>pH</CharacteristicName><ResultSampleFractionText>Total</ResultSampleFractionText><ResultMeasure><ResultMeasureValue>8.47</ResultMeasureValue><MeasureUnitCode>None      </MeasureUnitCode></ResultMeasure><ResultStatusIdentifier>F</ResultStatusIdentifier><ResultValueTypeName>Actual    </ResultValueTypeName><ResultWeightBasisText>            </ResultWeightBasisText><ResultTimeBasisText>          </ResultTimeBasisText><ResultTemperatureBasisText>        </ResultTemperatureBasisText><DataQuality/><ResultCommentText>pH should be performed as a field test.  </ResultCommentText></ResultDescription><ResultAnalyticalMethod><MethodIdentifier>2320           </MethodIdentifier><MethodIdentifierContext>APHA        </MethodIdentifierContext></ResultAnalyticalMethod><ResultLabInformation><LaboratoryName>Utah DOH Division of Epidemilogy and Laboratory Services</LaboratoryName><AnalysisStartDate>2005-10-17</AnalysisStartDate><AnalysisStartTime><Time>00:00:00</Time></AnalysisStartTime><ResultLaboratoryCommentCode/></ResultLabInformation></Result></Activity><Activity><ActivityDescription><ActivityIdentifier>29682001</ActivityIdentifier><ActivityTypeCode>Field Msr/Obs</ActivityTypeCode><ActivityMediaName>Water</ActivityMediaName><ActivityStartDate>2001-07-18</ActivityStartDate><ProjectIdentifier>352     </ProjectIdentifier></ActivityDescription><MonitoringLocation><MonitoringLocationIdentifier>5982090        </MonitoringLocationIdentifier><MonitoringLocationName>CIRCLE FOUR FARMS SITE WELL 41102MD2</MonitoringLocationName></MonitoringLocation><Result><ResultDescription><CharacteristicName>pH</CharacteristicName><ResultSampleFractionText>Total</ResultSampleFractionText><ResultMeasure><ResultMeasureValue>7.4</ResultMeasureValue><MeasureUnitCode>None      </MeasureUnitCode></ResultMeasure><ResultStatusIdentifier>F</ResultStatusIdentifier><ResultValueTypeName>Actual    </ResultValueTypeName><DataQuality/><ResultCommentText/></ResultDescription><ResultAnalyticalMethod><MethodIdentifier>FIELD MEASURES </MethodIdentifier><MethodIdentifierContext>UTAHDWQ     </MethodIdentifierContext></ResultAnalyticalMethod><ResultLabInformation><ResultLaboratoryCommentCode/></ResultLabInformation></Result></Activity><Activity><ActivityDescription><ActivityIdentifier>46522004</ActivityIdentifier><ActivityTypeCode>Field Msr/Obs</ActivityTypeCode><ActivityMediaName>Water</ActivityMediaName><ActivityStartDate>2004-02-17</ActivityStartDate><ProjectIdentifier>352     </ProjectIdentifier></ActivityDescription><MonitoringLocation><MonitoringLocationIdentifier>5982090        </MonitoringLocationIdentifier><MonitoringLocationName>CIRCLE FOUR FARMS SITE WELL 41102MD2</MonitoringLocationName></MonitoringLocation><Result><ResultDescription><CharacteristicName>pH</CharacteristicName><ResultSampleFractionText>Total</ResultSampleFractionText><ResultMeasure><ResultMeasureValue>7.44</ResultMeasureValue><MeasureUnitCode>None      </MeasureUnitCode></ResultMeasure><ResultStatusIdentifier>F</ResultStatusIdentifier><ResultValueTypeName>Actual    </ResultValueTypeName><ResultWeightBasisText>            </ResultWeightBasisText><ResultTimeBasisText>          </ResultTimeBasisText><ResultTemperatureBasisText>        </ResultTemperatureBasisText><DataQuality/><ResultCommentText/></ResultDescription><ResultAnalyticalMethod><MethodIdentifier>FIELD MEASURES </MethodIdentifier><MethodIdentifierContext>UTAHDWQ     </MethodIdentifierContext></ResultAnalyticalMethod><ResultLabInformation><ResultLaboratoryCommentCode/></ResultLabInformation></Result></Activity><Activity><ActivityDescription><ActivityIdentifier>64302002</ActivityIdentifier><ActivityTypeCode>Field Msr/Obs</ActivityTypeCode><ActivityMediaName>Water</ActivityMediaName><ActivityStartDate>2002-10-10</ActivityStartDate><ProjectIdentifier>352     </ProjectIdentifier></ActivityDescription><MonitoringLocation><MonitoringLocationIdentifier>5982090        </MonitoringLocationIdentifier><MonitoringLocationName>CIRCLE FOUR FARMS SITE WELL 41102MD2</MonitoringLocationName></MonitoringLocation><Result><ResultDescription><CharacteristicName>pH</CharacteristicName><ResultSampleFractionText>Total</ResultSampleFractionText><ResultMeasure><ResultMeasureValue>7.52</ResultMeasureValue><MeasureUnitCode>None      </MeasureUnitCode></ResultMeasure><ResultStatusIdentifier>F</ResultStatusIdentifier><ResultValueTypeName>Actual    </ResultValueTypeName><DataQuality/><ResultCommentText/></ResultDescription><ResultAnalyticalMethod><MethodIdentifier>FIELD MEASURES </MethodIdentifier><MethodIdentifierContext>UTAHDWQ     </MethodIdentifierContext></ResultAnalyticalMethod><ResultLabInformation><ResultLaboratoryCommentCode/></ResultLabInformation></Result></Activity><Activity><ActivityDescription><ActivityIdentifier>76362004</ActivityIdentifier><ActivityTypeCode>Field Msr/Obs</ActivityTypeCode><ActivityMediaName>Water</ActivityMediaName><ActivityStartDate>2004-10-04</ActivityStartDate><ProjectIdentifier>352     </ProjectIdentifier></ActivityDescription><MonitoringLocation><MonitoringLocationIdentifier>5982090        </MonitoringLocationIdentifier><MonitoringLocationName>CIRCLE FOUR FARMS SITE WELL 41102MD2</MonitoringLocationName></MonitoringLocation><Result><ResultDescription><CharacteristicName>pH</CharacteristicName><ResultSampleFractionText>Total</ResultSampleFractionText><ResultMeasure><ResultMeasureValue>7.36</ResultMeasureValue><MeasureUnitCode>None      </MeasureUnitCode></ResultMeasure><ResultStatusIdentifier>F</ResultStatusIdentifier><ResultValueTypeName>Actual    </ResultValueTypeName><ResultWeightBasisText>            </ResultWeightBasisText><ResultTimeBasisText>          </ResultTimeBasisText><ResultTemperatureBasisText>        </ResultTemperatureBasisText><DataQuality/><ResultCommentText/></ResultDescription><ResultAnalyticalMethod><MethodIdentifier>FIELD MEASURES </MethodIdentifier><MethodIdentifierContext>UTAHDWQ     </MethodIdentifierContext></ResultAnalyticalMethod><ResultLabInformation><ResultLaboratoryCommentCode/></ResultLabInformation></Result></Activity><Activity><ActivityDescription><ActivityIdentifier>90172005</ActivityIdentifier><ActivityTypeCode>Field Msr/Obs</ActivityTypeCode><ActivityMediaName>Water</ActivityMediaName><ActivityStartDate>2005-10-04</ActivityStartDate><ProjectIdentifier>352     </ProjectIdentifier></ActivityDescription><MonitoringLocation><MonitoringLocationIdentifier>5982090        </MonitoringLocationIdentifier><MonitoringLocationName>CIRCLE FOUR FARMS SITE WELL 41102MD2</MonitoringLocationName></MonitoringLocation><Result><ResultDescription><CharacteristicName>pH</CharacteristicName><ResultSampleFractionText>Total</ResultSampleFractionText><ResultMeasure><ResultMeasureValue>7.3</ResultMeasureValue><MeasureUnitCode>None      </MeasureUnitCode></ResultMeasure><ResultStatusIdentifier>F</ResultStatusIdentifier><ResultValueTypeName>Actual    </ResultValueTypeName><ResultWeightBasisText>            </ResultWeightBasisText><ResultTimeBasisText>          </ResultTimeBasisText><ResultTemperatureBasisText>        </ResultTemperatureBasisText><DataQuality/><ResultCommentText/></ResultDescription><ResultAnalyticalMethod><MethodIdentifier>FIELD MEASURES </MethodIdentifier><MethodIdentifierContext>UTAHDWQ     </MethodIdentifierContext></ResultAnalyticalMethod><ResultLabInformation><ResultLaboratoryCommentCode/></ResultLabInformation></Result></Activity><Activity><ActivityDescription><ActivityIdentifier>9705047</ActivityIdentifier><ActivityTypeCode>Field Msr/Obs</ActivityTypeCode><ActivityMediaName>Water</ActivityMediaName><ActivityStartDate>1997-06-05</ActivityStartDate><ProjectIdentifier>350     </ProjectIdentifier></ActivityDescription><MonitoringLocation><MonitoringLocationIdentifier>5982090        </MonitoringLocationIdentifier><MonitoringLocationName>CIRCLE FOUR FARMS SITE WELL 41102MD2</MonitoringLocationName></MonitoringLocation><Result><ResultDescription><CharacteristicName>pH</CharacteristicName><ResultSampleFractionText>Total</ResultSampleFractionText><ResultMeasure><ResultMeasureValue>7.5</ResultMeasureValue><MeasureUnitCode>None      </MeasureUnitCode></ResultMeasure><ResultStatusIdentifier>F</ResultStatusIdentifier><ResultValueTypeName>Actual    </ResultValueTypeName><ResultTimeBasisText>          </ResultTimeBasisText><DataQuality/><ResultCommentText/></ResultDescription><ResultAnalyticalMethod><MethodIdentifier>FIELD MEASURES </MethodIdentifier><MethodIdentifierContext>UTAHDWQ     </MethodIdentifierContext></ResultAnalyticalMethod><ResultLabInformation><ResultLaboratoryCommentCode/></ResultLabInformation></Result></Activity><Activity><ActivityDescription><ActivityIdentifier>9705047C</ActivityIdentifier><ActivityTypeCode>Sample       </ActivityTypeCode><ActivityMediaName>Water</ActivityMediaName><ActivityStartDate>1997-06-05</ActivityStartDate><ProjectIdentifier>350     </ProjectIdentifier></ActivityDescription><MonitoringLocation><MonitoringLocationIdentifier>5982090        </MonitoringLocationIdentifier><MonitoringLocationName>CIRCLE FOUR FARMS SITE WELL 41102MD2</MonitoringLocationName></MonitoringLocation><Result><ResultDescription><CharacteristicName>Phosphorus as P</CharacteristicName><ResultSampleFractionText>Total</ResultSampleFractionText><ResultMeasure><ResultMeasureValue>87.6</ResultMeasureValue><MeasureUnitCode>ug/l      </MeasureUnitCode></ResultMeasure><ResultStatusIdentifier>F</ResultStatusIdentifier><ResultValueTypeName>Actual    </ResultValueTypeName><DataQuality/><ResultCommentText/></ResultDescription><ResultAnalyticalMethod><MethodIdentifier>GENERIC METHOD2</MethodIdentifier><MethodIdentifierContext>UTAHDWQ     </MethodIdentifierContext></ResultAnalyticalMethod><ResultLabInformation><LaboratoryName>Utah DOH Division of Epidemilogy and Laboratory Services</LaboratoryName><ResultLaboratoryCommentCode/></ResultLabInformation></Result><Result><ResultDescription><CharacteristicName>pH</CharacteristicName><ResultSampleFractionText>Total</ResultSampleFractionText><ResultMeasure><ResultMeasureValue>7.91</ResultMeasureValue><MeasureUnitCode>None      </MeasureUnitCode></ResultMeasure><ResultStatusIdentifier>F</ResultStatusIdentifier><ResultValueTypeName>Actual    </ResultValueTypeName><DataQuality/><ResultCommentText/></ResultDescription><ResultAnalyticalMethod><MethodIdentifier>GENERIC METHOD </MethodIdentifier><MethodIdentifierContext>UTAHDWQ     </MethodIdentifierContext></ResultAnalyticalMethod><ResultLabInformation><LaboratoryName>Utah DOH Division of Epidemilogy and Laboratory Services</LaboratoryName><ResultLaboratoryCommentCode/></ResultLabInformation></Result></Activity></Organization></WQX>
</return>
</ns1:getResultsResponse>

</SOAP-ENV:Body>
</SOAP-ENV:Envelope>

