<?xml version='1.0' encoding='UTF-8'?>
<SOAP-ENV:Envelope xmlns:SOAP-ENV="http://schemas.xmlsoap.org/soap/envelope/" xmlns:xsi="http://www.w3.org/2001/XMLSchema-instance" xmlns:xsd="http://www.w3.org/2001/XMLSchema">
<SOAP-ENV:Body>
<ns1:getResultsResponse xmlns:ns1="http://gov.epa.storet.storetresultservice/StoretResultService.wsdl" SOAP-ENV:encodingStyle="http://xml.apache.org/xml-soap/literalxml">
<return>
<WQX><Organization><OrganizationDescription><OrganizationIdentifier>21NC01WQ</OrganizationIdentifier><OrganizationFormalName>NCDENR-DWQ</OrganizationFormalName></OrganizationDescription><Activity><ActivityDescription><ActivityIdentifier>1983-0011814</ActivityIdentifier><ActivityTypeCode>Sample       </ActivityTypeCode><ActivityMediaName>Water</ActivityMediaName><ActivityStartDate>1983-07-27</ActivityStartDate><ProjectIdentifier>NCLEGACY</ProjectIdentifier></ActivityDescription><MonitoringLocation><MonitoringLocationIdentifier>C2030010       </MonitoringLocationIdentifier><MonitoringLocationName>LAKE RHODHISS AT SR 1001 NR BATON CLEAN LAKES</MonitoringLocationName></MonitoringLocation><Result><ResultDescription><CharacteristicName>pH</CharacteristicName><ResultSampleFractionText>Total</ResultSampleFractionText><ResultMeasure><ResultMeasureValue>8</ResultMeasureValue><MeasureUnitCode>None      </MeasureUnitCode></ResultMeasure><ResultStatusIdentifier>F</ResultStatusIdentifier><ResultValueTypeName>Actual    </ResultValueTypeName><DataQuality/><ResultCommentText/></ResultDescription><ResultAnalyticalMethod><MethodIdentifier>PH_LAB         </MethodIdentifier><MethodIdentifierContext>21NC01WQ    </MethodIdentifierContext></ResultAnalyticalMethod><ResultLabInformation><ResultLaboratoryCommentCode/></ResultLabInformation></Result></Activity><Activity><ActivityDescription><ActivityIdentifier>1984-0009340</ActivityIdentifier><ActivityTypeCode>Sample       </ActivityTypeCode><ActivityMediaName>Water</ActivityMediaName><ActivityStartDate>1984-07-17</ActivityStartDate><ProjectIdentifier>NCLEGACY</ProjectIdentifier></ActivityDescription><MonitoringLocation><MonitoringLocationIdentifier>C2030010       </MonitoringLocationIdentifier><MonitoringLocationName>LAKE RHODHISS AT SR 1001 NR BATON CLEAN LAKES</MonitoringLocationName></MonitoringLocation><Result><ResultDescription><CharacteristicName>pH</CharacteristicName><ResultSampleFractionText>Total</ResultSampleFractionText><ResultMeasure><ResultMeasureValue>8.4</ResultMeasureValue><MeasureUnitCode>None      </MeasureUnitCode></ResultMeasure><ResultStatusIdentifier>F</ResultStatusIdentifier><ResultValueTypeName>Actual    </ResultValueTypeName><DataQuality/><ResultCommentText/></ResultDescription><ResultAnalyticalMethod><MethodIdentifier>PH_LAB         </MethodIdentifier><MethodIdentifierContext>21NC01WQ    </MethodIdentifierContext></ResultAnalyticalMethod><ResultLabInformation><ResultLaboratoryCommentCode/></ResultLabInformation></Result></Activity><Activity><ActivityDescription><ActivityIdentifier>1985-0009660</ActivityIdentifier><ActivityTypeCode>Sample       </ActivityTypeCode><ActivityMediaName>Water</ActivityMediaName><ActivityStartDate>1985-08-05</ActivityStartDate><ProjectIdentifier>NCLEGACY</ProjectIdentifier></ActivityDescription><MonitoringLocation><MonitoringLocationIdentifier>C2030010       </MonitoringLocationIdentifier><MonitoringLocationName>LAKE RHODHISS AT SR 1001 NR BATON CLEAN LAKES</MonitoringLocationName></MonitoringLocation><Result><ResultDescription><CharacteristicName>pH</CharacteristicName><ResultSampleFractionText>Total</ResultSampleFractionText><ResultMeasure><ResultMeasureValue>9.1</ResultMeasureValue><MeasureUnitCode>None      </MeasureUnitCode></ResultMeasure><ResultStatusIdentifier>F</ResultStatusIdentifier><ResultValueTypeName>Actual    </ResultValueTypeName><DataQuality/><ResultCommentText/></ResultDescription><ResultAnalyticalMethod><MethodIdentifier>PH_LAB         </MethodIdentifier><MethodIdentifierContext>21NC01WQ    </MethodIdentifierContext></ResultAnalyticalMethod><ResultLabInformation><ResultLaboratoryCommentCode/></ResultLabInformation></Result></Activity><Activity><ActivityDescription><ActivityIdentifier>1986-0009685</ActivityIdentifier><ActivityTypeCode>Field Msr/Obs</ActivityTypeCode><ActivityMediaName>Water</ActivityMediaName><ActivityStartDate>1986-08-18</ActivityStartDate><ProjectIdentifier>NCLEGACY</ProjectIdentifier></ActivityDescription><MonitoringLocation><MonitoringLocationIdentifier>C2030010       </MonitoringLocationIdentifier><MonitoringLocationName>LAKE RHODHISS AT SR 1001 NR BATON CLEAN LAKES</MonitoringLocationName></MonitoringLocation><Result><ResultDescription><CharacteristicName>pH</CharacteristicName><ResultSampleFractionText>Total</ResultSampleFractionText><ResultMeasure><ResultMeasureValue>8.3</ResultMeasureValue><MeasureUnitCode>None      </MeasureUnitCode></ResultMeasure><ResultStatusIdentifier>F</ResultStatusIdentifier><ResultValueTypeName>Actual    </ResultValueTypeName><DataQuality/><ResultCommentText/></ResultDescription><ResultAnalyticalMethod><MethodIdentifier>PH_FIELD       </MethodIdentifier><MethodIdentifierContext>21NC01WQ    </MethodIdentifierContext></ResultAnalyticalMethod><ResultLabInformation><ResultLaboratoryCommentCode/></ResultLabInformation></Result></Activity><Activity><ActivityDescription><ActivityIdentifier>1986-0009686</ActivityIdentifier><ActivityTypeCode>Sample       </ActivityTypeCode><ActivityMediaName>Water</ActivityMediaName><ActivityStartDate>1986-08-18</ActivityStartDate><ProjectIdentifier>NCLEGACY</ProjectIdentifier></ActivityDescription><MonitoringLocation><MonitoringLocationIdentifier>C2030010       </MonitoringLocationIdentifier><MonitoringLocationName>LAKE RHODHISS AT SR 1001 NR BATON CLEAN LAKES</MonitoringLocationName></MonitoringLocation><Result><ResultDescription><CharacteristicName>pH</CharacteristicName><ResultSampleFractionText>Total</ResultSampleFractionText><ResultMeasure><ResultMeasureValue>7.1</ResultMeasureValue><MeasureUnitCode>None      </MeasureUnitCode></ResultMeasure><ResultStatusIdentifier>F</ResultStatusIdentifier><ResultValueTypeName>Actual    </ResultValueTypeName><DataQuality/><ResultCommentText/></ResultDescription><ResultAnalyticalMethod><MethodIdentifier>PH_LAB         </MethodIdentifier><MethodIdentifierContext>21NC01WQ    </MethodIdentifierContext></ResultAnalyticalMethod><ResultLabInformation><ResultLaboratoryCommentCode/></ResultLabInformation></Result></Activity><Activity><ActivityDescription><ActivityIdentifier>1989-0008666</ActivityIdentifier><ActivityTypeCode>Sample       </ActivityTypeCode><ActivityMediaName>Water</ActivityMediaName><ActivityStartDate>1989-08-10</ActivityStartDate><ProjectIdentifier>NCLEGACY</ProjectIdentifier></ActivityDescription><MonitoringLocation><MonitoringLocationIdentifier>C2030010       </MonitoringLocationIdentifier><MonitoringLocationName>LAKE RHODHISS AT SR 1001 NR BATON CLEAN LAKES</MonitoringLocationName></MonitoringLocation><Result><ResultDescription><CharacteristicName>pH</CharacteristicName><ResultSampleFractionText>Total</ResultSampleFractionText><ResultMeasure><ResultMeasureValue>7.1</ResultMeasureValue><MeasureUnitCode>None      </MeasureUnitCode></ResultMeasure><ResultStatusIdentifier>F</ResultStatusIdentifier><ResultValueTypeName>Actual    </ResultValueTypeName><DataQuality/><ResultCommentText/></ResultDescription><ResultAnalyticalMethod><MethodIdentifier>PH_LAB         </MethodIdentifier><MethodIdentifierContext>21NC01WQ    </MethodIdentifierContext></ResultAnalyticalMethod><ResultLabInformation><ResultLaboratoryCommentCode/></ResultLabInformation></Result></Activity></Organization></WQX>
</return>
</ns1:getResultsResponse>

</SOAP-ENV:Body>
</SOAP-ENV:Envelope>

