<?xml version='1.0' encoding='UTF-8'?>
<SOAP-ENV:Envelope xmlns:SOAP-ENV="http://schemas.xmlsoap.org/soap/envelope/" xmlns:xsi="http://www.w3.org/2001/XMLSchema-instance" xmlns:xsd="http://www.w3.org/2001/XMLSchema">
<SOAP-ENV:Body>
<ns1:getStationCharTypeSummaryUsingStringInputResponse xmlns:ns1="http://gov.epa.storet.stationcatalogservice/StationCatalogService.wsdl" SOAP-ENV:encodingStyle="http://xml.apache.org/xml-soap/literalxml">
<return>
<STORETStationsCatalog><Organization organizationId="EMAP-CS"><OrganizationName>Environmental Monitoring and Assessment Program</OrganizationName><Station stationId="VA93-640" hydrologicUnitCode="02060007"><StationName>Chesapeake Bay</StationName><LatitudeMeasure>38.25</LatitudeMeasure><LongitudeMeasure>-75.842</LongitudeMeasure><ActivityStartDate>08/10/1993</ActivityStartDate><ActivityStopDate>08/10/1993</ActivityStopDate><CharacteristicCount>105</CharacteristicCount><ResultCount>105</ResultCount><CharTypeResults><CharType>Biological</CharType><CharacteristicCount>25</CharacteristicCount><ResultCount>25</ResultCount></CharTypeResults><CharTypeResults><CharType>Metal</CharType><CharacteristicCount>15</CharacteristicCount><ResultCount>15</ResultCount></CharTypeResults><CharTypeResults><CharType>Other</CharType><CharacteristicCount>25</CharacteristicCount><ResultCount>25</ResultCount></CharTypeResults><CharTypeResults><CharType>PCB</CharType><CharacteristicCount>18</CharacteristicCount><ResultCount>18</ResultCount></CharTypeResults><CharTypeResults><CharType>Pesticide</CharType><CharacteristicCount>22</CharacteristicCount><ResultCount>22</ResultCount></CharTypeResults></Station></Organization><Organization organizationId="MDEDAT04"><OrganizationName>MD Dept. Environment  In House Water Data</OrganizationName><Station stationId="ADW0001" hydrologicUnitCode="02060007"><StationName>Andrews Branch</StationName><LatitudeMeasure>38.4348167</LatitudeMeasure><LongitudeMeasure>-75.5532667</LongitudeMeasure><ActivityStartDate>02/18/1998</ActivityStartDate><ActivityStopDate>09/22/1998</ActivityStopDate><CharacteristicCount>20</CharacteristicCount><ResultCount>146</ResultCount><CharTypeResults><CharType>Nutrient</CharType><CharacteristicCount>9</CharacteristicCount><ResultCount>77</ResultCount></CharTypeResults><CharTypeResults><CharType>Other</CharType><CharacteristicCount>9</CharacteristicCount><ResultCount>60</ResultCount></CharTypeResults><CharTypeResults><CharType>Physical</CharType><CharacteristicCount>2</CharacteristicCount><ResultCount>9</ResultCount></CharTypeResults></Station></Organization></STORETStationsCatalog>
</return>
</ns1:getStationCharTypeSummaryUsingStringInputResponse>

</SOAP-ENV:Body>
</SOAP-ENV:Envelope>

