<Modules>
  <Module PersistentId="31336043-44C9-43BD-B08B-A55E3F877DDA" ModuleId="EPAWOFService" />
  <Module PersistentId="A1B499C5-1A02-4E66-9DFB-CFBE4A23E7F4" ModuleId="WOFService" />
  <Module PersistentId="533D0719-6D5F-4F02-BD8C-B3D829E9DEB2" ModuleId="waterOneFlowImpl" />
  <Module PersistentId="2827D644-4DD6-4206-9203-EF48B586CD38" ModuleId="WofSchemas" />
  <Module PersistentId="7D755735-7BAB-4956-BF2B-32B3C3839023" ModuleId="WaterWebService" />
  <Module PersistentId="9EC0523A-D560-464B-B3E6-F25601BA9F58" ModuleId="ODMDataInfoSource" />
  <Module PersistentId="F5784002-25A7-4217-91C3-09EF0BE623C3" ModuleId="WOFutilities" />
  <Module PersistentId="699590CD-B464-49A3-959F-F7470A82B14A" ModuleId="EPAWQXConsole" />
</Modules>