<?xml version="1.0" encoding="UTF-8"?><?xml-stylesheet type='text/xsl' href='_UpgradeReport_Files/UpgradeReport.xslt'?><UpgradeLog>
<Properties><Property Name="Solution" Value="CorpsProxy">
</Property><Property Name="Solution File" Value="C:\dev_2010\BaseWofService\Corps\WaterWebService\CorpsProxy.sln">
</Property><Property Name="User Options File" Value="C:\dev_2010\BaseWofService\Corps\WaterWebService\CorpsProxy.suo">
</Property><Property Name="Date" Value="Friday, August 17, 2012">
</Property><Property Name="Time" Value="11:43 AM">
</Property></Properties><Event ErrorLevel="0" Project="" Source="CorpsProxy.sln" Description="File successfully backed up as C:\dev_2010\BaseWofService\Corps\WaterWebService\Backup\CorpsProxy.sln">
</Event><Event ErrorLevel="0" Project="" Source="CorpsProxy.suo" Description="File successfully backed up as C:\dev_2010\BaseWofService\Corps\WaterWebService\Backup\CorpsProxy.suo">
</Event><Event ErrorLevel="0" Project="WaterWebService" Source="WaterWebService\WaterWebService.csproj" Description="Project file successfully backed up as C:\dev_2010\BaseWofService\Corps\WaterWebService\Backup\WaterWebService\WaterWebService.csproj">
</Event><Event ErrorLevel="0" Project="WaterWebService" Source="WaterWebService\WaterWebService.csproj.user" Description="Project user file successfully backed up as C:\dev_2010\BaseWofService\Corps\WaterWebService\Backup\WaterWebService\WaterWebService.csproj.user">
</Event><Event ErrorLevel="0" Project="WaterWebService" Source="WaterWebService\Properties\AssemblyInfo.cs" Description="File successfully backed up as C:\dev_2010\BaseWofService\Corps\WaterWebService\Backup\WaterWebService\Properties\AssemblyInfo.cs">
</Event><Event ErrorLevel="0" Project="WaterWebService" Source="WaterWebService\wateroneflow.logging.log4net" Description="File successfully backed up as C:\dev_2010\BaseWofService\Corps\WaterWebService\Backup\WaterWebService\wateroneflow.logging.log4net">
</Event><Event ErrorLevel="0" Project="WaterWebService" Source="WaterWebService\cuahsi_1_0.asmx" Description="File successfully backed up as C:\dev_2010\BaseWofService\Corps\WaterWebService\Backup\WaterWebService\cuahsi_1_0.asmx">
</Event><Event ErrorLevel="0" Project="WaterWebService" Source="WaterWebService\Global.asax" Description="File successfully backed up as C:\dev_2010\BaseWofService\Corps\WaterWebService\Backup\WaterWebService\Global.asax">
</Event><Event ErrorLevel="0" Project="WaterWebService" Source="WaterWebService\Web.config" Description="File successfully backed up as C:\dev_2010\BaseWofService\Corps\WaterWebService\Backup\WaterWebService\Web.config">
</Event><Event ErrorLevel="0" Project="WaterWebService" Source="WaterWebService\App_Code\Service_1_1.cs" Description="File successfully backed up as C:\dev_2010\BaseWofService\Corps\WaterWebService\Backup\WaterWebService\App_Code\Service_1_1.cs">
</Event><Event ErrorLevel="0" Project="WaterWebService" Source="WaterWebService\App_Code\Service_Rest_1_0.cs" Description="File successfully backed up as C:\dev_2010\BaseWofService\Corps\WaterWebService\Backup\WaterWebService\App_Code\Service_Rest_1_0.cs">
</Event><Event ErrorLevel="0" Project="WaterWebService" Source="WaterWebService\App_Code\GlobalClass.cs" Description="File successfully backed up as C:\dev_2010\BaseWofService\Corps\WaterWebService\Backup\WaterWebService\App_Code\GlobalClass.cs">
</Event><Event ErrorLevel="0" Project="WaterWebService" Source="WaterWebService\App_Code\Service_1_0.cs" Description="File successfully backed up as C:\dev_2010\BaseWofService\Corps\WaterWebService\Backup\WaterWebService\App_Code\Service_1_0.cs">
</Event><Event ErrorLevel="0" Project="WaterWebService" Source="WaterWebService\appSettings.config" Description="File successfully backed up as C:\dev_2010\BaseWofService\Corps\WaterWebService\Backup\WaterWebService\appSettings.config">
</Event><Event ErrorLevel="0" Project="WaterWebService" Source="WaterWebService\ConnectionString.config" Description="File successfully backed up as C:\dev_2010\BaseWofService\Corps\WaterWebService\Backup\WaterWebService\ConnectionString.config">
</Event><Event ErrorLevel="0" Project="WaterWebService" Source="WaterWebService\log4net.dll" Description="File successfully backed up as C:\dev_2010\BaseWofService\Corps\WaterWebService\Backup\WaterWebService\log4net.dll">
</Event><Event ErrorLevel="0" Project="WaterWebService" Source="WaterWebService\app.config" Description="File successfully backed up as C:\dev_2010\BaseWofService\Corps\WaterWebService\Backup\WaterWebService\app.config">
</Event><Event ErrorLevel="1" Project="WaterWebService" Source="WaterWebService\WaterWebService.csproj" Description="Your project is targeting .NET Framework 2.0 or 3.0. If your project uses assemblies requiring a newer .NET Framework, your project will fail to build. You can change the .NET Framework version by clicking Properties on the project menu and then selecting a new version in the '.NET Framework' dropdown box. (In Visual Basic, this is located on the Compile tab by clicking the 'Advanced Compiler Options...' button.)">
</Event><Event ErrorLevel="0" Project="WaterWebService" Source="WaterWebService\WaterWebService.csproj" Description="Project converted successfully">
</Event><Event ErrorLevel="3" Project="WaterWebService" Source="WaterWebService\WaterWebService.csproj" Description="Converted">
</Event><Event ErrorLevel="1" Project="waterOneFlowImpl" Source="..\..\waterOneFlowImpl\waterOneFlowImpl.csproj" Description="Warning: The project file is being backed up to a relative path that differs from the original solution relative path.  The difference in folder hierarchy may create problems in opening or building the backed up solution and project.">
</Event><Event ErrorLevel="0" Project="waterOneFlowImpl" Source="..\..\waterOneFlowImpl\waterOneFlowImpl.csproj" Description="Project file successfully backed up as C:\dev_2010\BaseWofService\Corps\WaterWebService\Backup\waterOneFlowImpl\waterOneFlowImpl.csproj">
</Event><Event ErrorLevel="0" Project="waterOneFlowImpl" Source="..\..\waterOneFlowImpl\waterOneFlowImpl.csproj.user" Description="Project user file successfully backed up as C:\dev_2010\BaseWofService\Corps\WaterWebService\Backup\waterOneFlowImpl\waterOneFlowImpl.csproj.user">
</Event><Event ErrorLevel="0" Project="waterOneFlowImpl" Source="..\..\waterOneFlowImpl\basicGeometry.cs" Description="File successfully backed up as C:\dev_2010\BaseWofService\Corps\WaterWebService\Backup\waterOneFlowImpl\basicGeometry.cs">
</Event><Event ErrorLevel="0" Project="waterOneFlowImpl" Source="..\..\waterOneFlowImpl\box.cs" Description="File successfully backed up as C:\dev_2010\BaseWofService\Corps\WaterWebService\Backup\waterOneFlowImpl\box.cs">
</Event><Event ErrorLevel="0" Project="waterOneFlowImpl" Source="..\..\waterOneFlowImpl\CodeReWriter.cs" Description="File successfully backed up as C:\dev_2010\BaseWofService\Corps\WaterWebService\Backup\waterOneFlowImpl\CodeReWriter.cs">
</Event><Event ErrorLevel="0" Project="waterOneFlowImpl" Source="..\..\waterOneFlowImpl\CuahsiBuilder_1_1.cs" Description="File successfully backed up as C:\dev_2010\BaseWofService\Corps\WaterWebService\Backup\waterOneFlowImpl\CuahsiBuilder_1_1.cs">
</Event><Event ErrorLevel="0" Project="waterOneFlowImpl" Source="..\..\waterOneFlowImpl\WaterOneFlowServerException.cs" Description="File successfully backed up as C:\dev_2010\BaseWofService\Corps\WaterWebService\Backup\waterOneFlowImpl\WaterOneFlowServerException.cs">
</Event><Event ErrorLevel="0" Project="waterOneFlowImpl" Source="..\..\waterOneFlowImpl\Constants.cs" Description="File successfully backed up as C:\dev_2010\BaseWofService\Corps\WaterWebService\Backup\waterOneFlowImpl\Constants.cs">
</Event><Event ErrorLevel="0" Project="waterOneFlowImpl" Source="..\..\waterOneFlowImpl\CuahsiBuilder.cs" Description="File successfully backed up as C:\dev_2010\BaseWofService\Corps\WaterWebService\Backup\waterOneFlowImpl\CuahsiBuilder.cs">
</Event><Event ErrorLevel="0" Project="waterOneFlowImpl" Source="..\..\waterOneFlowImpl\GlobalSuppressions.cs" Description="File successfully backed up as C:\dev_2010\BaseWofService\Corps\WaterWebService\Backup\waterOneFlowImpl\GlobalSuppressions.cs">
</Event><Event ErrorLevel="0" Project="waterOneFlowImpl" Source="..\..\waterOneFlowImpl\locationParam.cs" Description="File successfully backed up as C:\dev_2010\BaseWofService\Corps\WaterWebService\Backup\waterOneFlowImpl\locationParam.cs">
</Event><Event ErrorLevel="0" Project="waterOneFlowImpl" Source="..\..\waterOneFlowImpl\LogQuery.cs" Description="File successfully backed up as C:\dev_2010\BaseWofService\Corps\WaterWebService\Backup\waterOneFlowImpl\LogQuery.cs">
</Event><Event ErrorLevel="0" Project="waterOneFlowImpl" Source="..\..\waterOneFlowImpl\NetworkResponse.cs" Description="File successfully backed up as C:\dev_2010\BaseWofService\Corps\WaterWebService\Backup\waterOneFlowImpl\NetworkResponse.cs">
</Event><Event ErrorLevel="0" Project="waterOneFlowImpl" Source="..\..\waterOneFlowImpl\point.cs" Description="File successfully backed up as C:\dev_2010\BaseWofService\Corps\WaterWebService\Backup\waterOneFlowImpl\point.cs">
</Event><Event ErrorLevel="0" Project="waterOneFlowImpl" Source="..\..\waterOneFlowImpl\Settings.cs" Description="File successfully backed up as C:\dev_2010\BaseWofService\Corps\WaterWebService\Backup\waterOneFlowImpl\Settings.cs">
</Event><Event ErrorLevel="0" Project="waterOneFlowImpl" Source="..\..\waterOneFlowImpl\SoapExceptionGenerator.cs" Description="File successfully backed up as C:\dev_2010\BaseWofService\Corps\WaterWebService\Backup\waterOneFlowImpl\SoapExceptionGenerator.cs">
</Event><Event ErrorLevel="0" Project="waterOneFlowImpl" Source="..\..\waterOneFlowImpl\StandardServices.cs" Description="File successfully backed up as C:\dev_2010\BaseWofService\Corps\WaterWebService\Backup\waterOneFlowImpl\StandardServices.cs">
</Event><Event ErrorLevel="0" Project="waterOneFlowImpl" Source="..\..\waterOneFlowImpl\variableParameter.cs" Description="File successfully backed up as C:\dev_2010\BaseWofService\Corps\WaterWebService\Backup\waterOneFlowImpl\variableParameter.cs">
</Event><Event ErrorLevel="0" Project="waterOneFlowImpl" Source="..\..\waterOneFlowImpl\w3cDateTime.cs" Description="File successfully backed up as C:\dev_2010\BaseWofService\Corps\WaterWebService\Backup\waterOneFlowImpl\w3cDateTime.cs">
</Event><Event ErrorLevel="0" Project="waterOneFlowImpl" Source="..\..\waterOneFlowImpl\WaterOneFlowException.cs" Description="File successfully backed up as C:\dev_2010\BaseWofService\Corps\WaterWebService\Backup\waterOneFlowImpl\WaterOneFlowException.cs">
</Event><Event ErrorLevel="0" Project="waterOneFlowImpl" Source="..\..\waterOneFlowImpl\WaterOneFlowSourceException.cs" Description="File successfully backed up as C:\dev_2010\BaseWofService\Corps\WaterWebService\Backup\waterOneFlowImpl\WaterOneFlowSourceException.cs">
</Event><Event ErrorLevel="0" Project="waterOneFlowImpl" Source="..\..\waterOneFlowImpl\wsDescriptions.cs" Description="File successfully backed up as C:\dev_2010\BaseWofService\Corps\WaterWebService\Backup\waterOneFlowImpl\wsDescriptions.cs">
</Event><Event ErrorLevel="0" Project="waterOneFlowImpl" Source="..\..\waterOneFlowImpl\WSUtils.cs" Description="File successfully backed up as C:\dev_2010\BaseWofService\Corps\WaterWebService\Backup\waterOneFlowImpl\WSUtils.cs">
</Event><Event ErrorLevel="0" Project="waterOneFlowImpl" Source="..\..\waterOneFlowImpl\Properties\AssemblyInfo.cs" Description="File successfully backed up as C:\dev_2010\BaseWofService\Corps\WaterWebService\Backup\waterOneFlowImpl\Properties\AssemblyInfo.cs">
</Event><Event ErrorLevel="0" Project="waterOneFlowImpl" Source="..\..\waterOneFlowImpl\Properties\Settings.Designer.cs" Description="File successfully backed up as C:\dev_2010\BaseWofService\Corps\WaterWebService\Backup\waterOneFlowImpl\Properties\Settings.Designer.cs">
</Event><Event ErrorLevel="0" Project="waterOneFlowImpl" Source="..\..\waterOneFlowImpl\app.config" Description="File successfully backed up as C:\dev_2010\BaseWofService\Corps\WaterWebService\Backup\waterOneFlowImpl\app.config">
</Event><Event ErrorLevel="0" Project="waterOneFlowImpl" Source="..\..\waterOneFlowImpl\ClassDiagram1.cd" Description="File successfully backed up as C:\dev_2010\BaseWofService\Corps\WaterWebService\Backup\waterOneFlowImpl\ClassDiagram1.cd">
</Event><Event ErrorLevel="0" Project="waterOneFlowImpl" Source="..\..\waterOneFlowImpl\genSchema.bat" Description="File successfully backed up as C:\dev_2010\BaseWofService\Corps\WaterWebService\Backup\waterOneFlowImpl\genSchema.bat">
</Event><Event ErrorLevel="0" Project="waterOneFlowImpl" Source="..\..\waterOneFlowImpl\Migrated rules for waterOneFlowImpl.ruleset" Description="File successfully backed up as C:\dev_2010\BaseWofService\Corps\WaterWebService\Backup\waterOneFlowImpl\Migrated rules for waterOneFlowImpl.ruleset">
</Event><Event ErrorLevel="0" Project="waterOneFlowImpl" Source="..\..\waterOneFlowImpl\NetworkResponse.xsd" Description="File successfully backed up as C:\dev_2010\BaseWofService\Corps\WaterWebService\Backup\waterOneFlowImpl\NetworkResponse.xsd">
</Event><Event ErrorLevel="0" Project="waterOneFlowImpl" Source="..\..\waterOneFlowImpl\NetworkResponse.xsx" Description="File successfully backed up as C:\dev_2010\BaseWofService\Corps\WaterWebService\Backup\waterOneFlowImpl\NetworkResponse.xsx">
</Event><Event ErrorLevel="0" Project="waterOneFlowImpl" Source="..\..\waterOneFlowImpl\Properties\Settings.settings" Description="File successfully backed up as C:\dev_2010\BaseWofService\Corps\WaterWebService\Backup\waterOneFlowImpl\Properties\Settings.settings">
</Event><Event ErrorLevel="0" Project="waterOneFlowImpl" Source="..\..\waterOneFlowImpl\sdsc_his.snk" Description="File successfully backed up as C:\dev_2010\BaseWofService\Corps\WaterWebService\Backup\waterOneFlowImpl\sdsc_his.snk">
</Event><Event ErrorLevel="0" Project="waterOneFlowImpl" Source="..\..\waterOneFlowImpl\log4net.dll" Description="File successfully backed up as C:\dev_2010\BaseWofService\Corps\WaterWebService\Backup\waterOneFlowImpl\log4net.dll">
</Event><Event ErrorLevel="0" Project="waterOneFlowImpl" Source="..\..\waterOneFlowImpl\log4net.xml" Description="File successfully backed up as C:\dev_2010\BaseWofService\Corps\WaterWebService\Backup\waterOneFlowImpl\log4net.xml">
</Event><Event ErrorLevel="0" Project="waterOneFlowImpl" Source="..\..\waterOneFlowImpl\ParameterInfo.xml" Description="File successfully backed up as C:\dev_2010\BaseWofService\Corps\WaterWebService\Backup\waterOneFlowImpl\ParameterInfo.xml">
</Event><Event ErrorLevel="0" Project="waterOneFlowImpl" Source="..\..\waterOneFlowImpl\SiteFile.xml" Description="File successfully backed up as C:\dev_2010\BaseWofService\Corps\WaterWebService\Backup\waterOneFlowImpl\SiteFile.xml">
</Event><Event ErrorLevel="0" Project="waterOneFlowImpl" Source="..\..\waterOneFlowImpl\NetworkResponse.xml" Description="File successfully backed up as C:\dev_2010\BaseWofService\Corps\WaterWebService\Backup\waterOneFlowImpl\NetworkResponse.xml">
</Event><Event ErrorLevel="0" Project="waterOneFlowImpl" Source="..\..\waterOneFlowImpl\waterOneFlowImpl.csproj" Description="The project file does not require conversion.">
</Event><Event ErrorLevel="3" Project="waterOneFlowImpl" Source="..\..\waterOneFlowImpl\waterOneFlowImpl.csproj" Description="No Conversion Required">
</Event><Event ErrorLevel="1" Project="WOFutilities" Source="..\..\WOFutilities\WOFutilities.csproj" Description="Warning: The project file is being backed up to a relative path that differs from the original solution relative path.  The difference in folder hierarchy may create problems in opening or building the backed up solution and project.">
</Event><Event ErrorLevel="0" Project="WOFutilities" Source="..\..\WOFutilities\WOFutilities.csproj" Description="Project file successfully backed up as C:\dev_2010\BaseWofService\Corps\WaterWebService\Backup\WOFutilities\WOFutilities.csproj">
</Event><Event ErrorLevel="0" Project="WOFutilities" Source="..\..\WOFutilities\WOFutilities.csproj.user" Description="Project user file successfully backed up as C:\dev_2010\BaseWofService\Corps\WaterWebService\Backup\WOFutilities\WOFutilities.csproj.user">
</Event><Event ErrorLevel="0" Project="WOFutilities" Source="..\..\WOFutilities\ODMSqlQueries.cs" Description="File successfully backed up as C:\dev_2010\BaseWofService\Corps\WaterWebService\Backup\WOFutilities\ODMSqlQueries.cs">
</Event><Event ErrorLevel="0" Project="WOFutilities" Source="..\..\WOFutilities\Properties\AssemblyInfo.cs" Description="File successfully backed up as C:\dev_2010\BaseWofService\Corps\WaterWebService\Backup\WOFutilities\Properties\AssemblyInfo.cs">
</Event><Event ErrorLevel="0" Project="WOFutilities" Source="..\..\WOFutilities\WofXmlSerializerFactory.cs" Description="File successfully backed up as C:\dev_2010\BaseWofService\Corps\WaterWebService\Backup\WOFutilities\WofXmlSerializerFactory.cs">
</Event><Event ErrorLevel="0" Project="WOFutilities" Source="..\..\WOFutilities\sdsc_his.snk" Description="File successfully backed up as C:\dev_2010\BaseWofService\Corps\WaterWebService\Backup\WOFutilities\sdsc_his.snk">
</Event><Event ErrorLevel="0" Project="WOFutilities" Source="..\..\WOFutilities\WOFutilities.csproj" Description="The project file does not require conversion.">
</Event><Event ErrorLevel="3" Project="WOFutilities" Source="..\..\WOFutilities\WOFutilities.csproj" Description="No Conversion Required">
</Event><Event ErrorLevel="1" Project="WofCapabilities" Source="..\..\WofCapabilities\WofCapabilities.csproj" Description="Warning: The project file is being backed up to a relative path that differs from the original solution relative path.  The difference in folder hierarchy may create problems in opening or building the backed up solution and project.">
</Event><Event ErrorLevel="0" Project="WofCapabilities" Source="..\..\WofCapabilities\WofCapabilities.csproj" Description="Project file successfully backed up as C:\dev_2010\BaseWofService\Corps\WaterWebService\Backup\WofCapabilities\WofCapabilities.csproj">
</Event><Event ErrorLevel="0" Project="WofCapabilities" Source="..\..\WofCapabilities\WofCapabilities.csproj.user" Description="Project user file successfully backed up as C:\dev_2010\BaseWofService\Corps\WaterWebService\Backup\WofCapabilities\WofCapabilities.csproj.user">
</Event><Event ErrorLevel="0" Project="WofCapabilities" Source="..\..\WofCapabilities\Properties\AssemblyInfo.cs" Description="File successfully backed up as C:\dev_2010\BaseWofService\Corps\WaterWebService\Backup\WofCapabilities\Properties\AssemblyInfo.cs">
</Event><Event ErrorLevel="0" Project="WofCapabilities" Source="..\..\WofCapabilities\Properties\Settings.Designer.cs" Description="File successfully backed up as C:\dev_2010\BaseWofService\Corps\WaterWebService\Backup\WofCapabilities\Properties\Settings.Designer.cs">
</Event><Event ErrorLevel="0" Project="WofCapabilities" Source="..\..\WofCapabilities\Properties\Resources.Designer.cs" Description="File successfully backed up as C:\dev_2010\BaseWofService\Corps\WaterWebService\Backup\WofCapabilities\Properties\Resources.Designer.cs">
</Event><Event ErrorLevel="0" Project="WofCapabilities" Source="..\..\WofCapabilities\WOFCapabilities.cs" Description="File successfully backed up as C:\dev_2010\BaseWofService\Corps\WaterWebService\Backup\WofCapabilities\WOFCapabilities.cs">
</Event><Event ErrorLevel="0" Project="WofCapabilities" Source="..\..\WofCapabilities\app.config" Description="File successfully backed up as C:\dev_2010\BaseWofService\Corps\WaterWebService\Backup\WofCapabilities\app.config">
</Event><Event ErrorLevel="0" Project="WofCapabilities" Source="..\..\WofCapabilities\Capabilities.xsd" Description="File successfully backed up as C:\dev_2010\BaseWofService\Corps\WaterWebService\Backup\WofCapabilities\Capabilities.xsd">
</Event><Event ErrorLevel="0" Project="WofCapabilities" Source="..\..\WofCapabilities\Properties\Settings.settings" Description="File successfully backed up as C:\dev_2010\BaseWofService\Corps\WaterWebService\Backup\WofCapabilities\Properties\Settings.settings">
</Event><Event ErrorLevel="2" Project="WofCapabilities" Source="..\..\WofCapabilities\schemas\ows19115subset.xsd" Description="Failed to backup file as C:\dev_2010\BaseWofService\Corps\WaterWebService\Backup\WofCapabilities\schemas\ows19115subset.xsd">
</Event><Event ErrorLevel="2" Project="WofCapabilities" Source="..\..\WofCapabilities\schemas\owsAll.xsd" Description="Failed to backup file as C:\dev_2010\BaseWofService\Corps\WaterWebService\Backup\WofCapabilities\schemas\owsAll.xsd">
</Event><Event ErrorLevel="2" Project="WofCapabilities" Source="..\..\WofCapabilities\schemas\owsCommon.xsd" Description="Failed to backup file as C:\dev_2010\BaseWofService\Corps\WaterWebService\Backup\WofCapabilities\schemas\owsCommon.xsd">
</Event><Event ErrorLevel="2" Project="WofCapabilities" Source="..\..\WofCapabilities\schemas\owsContents.xsd" Description="Failed to backup file as C:\dev_2010\BaseWofService\Corps\WaterWebService\Backup\WofCapabilities\schemas\owsContents.xsd">
</Event><Event ErrorLevel="2" Project="WofCapabilities" Source="..\..\WofCapabilities\schemas\owsDataIdentification.xsd" Description="Failed to backup file as C:\dev_2010\BaseWofService\Corps\WaterWebService\Backup\WofCapabilities\schemas\owsDataIdentification.xsd">
</Event><Event ErrorLevel="2" Project="WofCapabilities" Source="..\..\WofCapabilities\schemas\owsDomainType.xsd" Description="Failed to backup file as C:\dev_2010\BaseWofService\Corps\WaterWebService\Backup\WofCapabilities\schemas\owsDomainType.xsd">
</Event><Event ErrorLevel="2" Project="WofCapabilities" Source="..\..\WofCapabilities\schemas\owsExceptionReport.xsd" Description="Failed to backup file as C:\dev_2010\BaseWofService\Corps\WaterWebService\Backup\WofCapabilities\schemas\owsExceptionReport.xsd">
</Event><Event ErrorLevel="2" Project="WofCapabilities" Source="..\..\WofCapabilities\schemas\owsGetCapabilities.xsd" Description="Failed to backup file as C:\dev_2010\BaseWofService\Corps\WaterWebService\Backup\WofCapabilities\schemas\owsGetCapabilities.xsd">
</Event><Event ErrorLevel="2" Project="WofCapabilities" Source="..\..\WofCapabilities\schemas\owsGetResourceByID.xsd" Description="Failed to backup file as C:\dev_2010\BaseWofService\Corps\WaterWebService\Backup\WofCapabilities\schemas\owsGetResourceByID.xsd">
</Event><Event ErrorLevel="2" Project="WofCapabilities" Source="..\..\WofCapabilities\schemas\owsInputOutputData.xsd" Description="Failed to backup file as C:\dev_2010\BaseWofService\Corps\WaterWebService\Backup\WofCapabilities\schemas\owsInputOutputData.xsd">
</Event><Event ErrorLevel="2" Project="WofCapabilities" Source="..\..\WofCapabilities\schemas\owsManifest.xsd" Description="Failed to backup file as C:\dev_2010\BaseWofService\Corps\WaterWebService\Backup\WofCapabilities\schemas\owsManifest.xsd">
</Event><Event ErrorLevel="2" Project="WofCapabilities" Source="..\..\WofCapabilities\schemas\owsOperationsMetadata.xsd" Description="Failed to backup file as C:\dev_2010\BaseWofService\Corps\WaterWebService\Backup\WofCapabilities\schemas\owsOperationsMetadata.xsd">
</Event><Event ErrorLevel="2" Project="WofCapabilities" Source="..\..\WofCapabilities\schemas\owsServiceIdentification.xsd" Description="Failed to backup file as C:\dev_2010\BaseWofService\Corps\WaterWebService\Backup\WofCapabilities\schemas\owsServiceIdentification.xsd">
</Event><Event ErrorLevel="2" Project="WofCapabilities" Source="..\..\WofCapabilities\schemas\owsServiceProvider.xsd" Description="Failed to backup file as C:\dev_2010\BaseWofService\Corps\WaterWebService\Backup\WofCapabilities\schemas\owsServiceProvider.xsd">
</Event><Event ErrorLevel="0" Project="WofCapabilities" Source="..\..\WofCapabilities\sdsc_his.snk" Description="File successfully backed up as C:\dev_2010\BaseWofService\Corps\WaterWebService\Backup\WofCapabilities\sdsc_his.snk">
</Event><Event ErrorLevel="0" Project="WofCapabilities" Source="..\..\WofCapabilities\Properties\Resources.resx" Description="File successfully backed up as C:\dev_2010\BaseWofService\Corps\WaterWebService\Backup\WofCapabilities\Properties\Resources.resx">
</Event><Event ErrorLevel="0" Project="WofCapabilities" Source="..\..\WofCapabilities\WofCapabilities.csproj" Description="The project file does not require conversion.">
</Event><Event ErrorLevel="3" Project="WofCapabilities" Source="..\..\WofCapabilities\WofCapabilities.csproj" Description="No Conversion Required">
</Event><Event ErrorLevel="1" Project="WOFService" Source="..\..\WOFService\WOFService.csproj" Description="Warning: The project file is being backed up to a relative path that differs from the original solution relative path.  The difference in folder hierarchy may create problems in opening or building the backed up solution and project.">
</Event><Event ErrorLevel="0" Project="WOFService" Source="..\..\WOFService\WOFService.csproj" Description="Project file successfully backed up as C:\dev_2010\BaseWofService\Corps\WaterWebService\Backup\WOFService\WOFService.csproj">
</Event><Event ErrorLevel="0" Project="WOFService" Source="..\..\WOFService\WOFService.csproj.user" Description="Project user file successfully backed up as C:\dev_2010\BaseWofService\Corps\WaterWebService\Backup\WOFService\WOFService.csproj.user">
</Event><Event ErrorLevel="0" Project="WOFService" Source="..\..\WOFService\Constants.cs" Description="File successfully backed up as C:\dev_2010\BaseWofService\Corps\WaterWebService\Backup\WOFService\Constants.cs">
</Event><Event ErrorLevel="0" Project="WOFService" Source="..\..\WOFService\DataSetHelper.cs" Description="File successfully backed up as C:\dev_2010\BaseWofService\Corps\WaterWebService\Backup\WOFService\DataSetHelper.cs">
</Event><Event ErrorLevel="0" Project="WOFService" Source="..\..\WOFService\DataValuesBuilder.cs" Description="File successfully backed up as C:\dev_2010\BaseWofService\Corps\WaterWebService\Backup\WOFService\DataValuesBuilder.cs">
</Event><Event ErrorLevel="0" Project="WOFService" Source="..\..\WOFService\ServicePassthrough_v1_0.cs" Description="File successfully backed up as C:\dev_2010\BaseWofService\Corps\WaterWebService\Backup\WOFService\ServicePassthrough_v1_0.cs">
</Event><Event ErrorLevel="0" Project="WOFService" Source="..\..\WOFService\ServiceResponses_v2_0.cs" Description="File successfully backed up as C:\dev_2010\BaseWofService\Corps\WaterWebService\Backup\WOFService\ServiceResponses_v2_0.cs">
</Event><Event ErrorLevel="0" Project="WOFService" Source="..\..\WOFService\ServiceResponses_v1_1.cs" Description="File successfully backed up as C:\dev_2010\BaseWofService\Corps\WaterWebService\Backup\WOFService\ServiceResponses_v1_1.cs">
</Event><Event ErrorLevel="0" Project="WOFService" Source="..\..\WOFService\CoreBuilder_v1_1.cs" Description="File successfully backed up as C:\dev_2010\BaseWofService\Corps\WaterWebService\Backup\WOFService\CoreBuilder_v1_1.cs">
</Event><Event ErrorLevel="0" Project="WOFService" Source="..\..\WOFService\CoreBuilder_v1_0.cs" Description="File successfully backed up as C:\dev_2010\BaseWofService\Corps\WaterWebService\Backup\WOFService\CoreBuilder_v1_0.cs">
</Event><Event ErrorLevel="0" Project="WOFService" Source="..\..\WOFService\CoreTables.cs" Description="File successfully backed up as C:\dev_2010\BaseWofService\Corps\WaterWebService\Backup\WOFService\CoreTables.cs">
</Event><Event ErrorLevel="0" Project="WOFService" Source="..\..\WOFService\CoreTables.Designer.cs" Description="File successfully backed up as C:\dev_2010\BaseWofService\Corps\WaterWebService\Backup\WOFService\CoreTables.Designer.cs">
</Event><Event ErrorLevel="0" Project="WOFService" Source="..\..\WOFService\DataInfoServices_v1_0.cs" Description="File successfully backed up as C:\dev_2010\BaseWofService\Corps\WaterWebService\Backup\WOFService\DataInfoServices_v1_0.cs">
</Event><Event ErrorLevel="0" Project="WOFService" Source="..\..\WOFService\DataValuesTables.cs" Description="File successfully backed up as C:\dev_2010\BaseWofService\Corps\WaterWebService\Backup\WOFService\DataValuesTables.cs">
</Event><Event ErrorLevel="0" Project="WOFService" Source="..\..\WOFService\DataValuesTables.Designer.cs" Description="File successfully backed up as C:\dev_2010\BaseWofService\Corps\WaterWebService\Backup\WOFService\DataValuesTables.Designer.cs">
</Event><Event ErrorLevel="0" Project="WOFService" Source="..\..\WOFService\DataTimeSeriesWofService.cs" Description="File successfully backed up as C:\dev_2010\BaseWofService\Corps\WaterWebService\Backup\WOFService\DataTimeSeriesWofService.cs">
</Event><Event ErrorLevel="0" Project="WOFService" Source="..\..\WOFService\GetResponsElements.cs" Description="File successfully backed up as C:\dev_2010\BaseWofService\Corps\WaterWebService\Backup\WOFService\GetResponsElements.cs">
</Event><Event ErrorLevel="0" Project="WOFService" Source="..\..\WOFService\IWaterOneFlowWebService.cs" Description="File successfully backed up as C:\dev_2010\BaseWofService\Corps\WaterWebService\Backup\WOFService\IWaterOneFlowWebService.cs">
</Event><Event ErrorLevel="0" Project="WOFService" Source="..\..\WOFService\ServiceResponses_v1_0.cs" Description="File successfully backed up as C:\dev_2010\BaseWofService\Corps\WaterWebService\Backup\WOFService\ServiceResponses_v1_0.cs">
</Event><Event ErrorLevel="0" Project="WOFService" Source="..\..\WOFService\WofResponseAbstractTypes.cs" Description="File successfully backed up as C:\dev_2010\BaseWofService\Corps\WaterWebService\Backup\WOFService\WofResponseAbstractTypes.cs">
</Event><Event ErrorLevel="0" Project="WOFService" Source="..\..\WOFService\WofResponseInterface.cs" Description="File successfully backed up as C:\dev_2010\BaseWofService\Corps\WaterWebService\Backup\WOFService\WofResponseInterface.cs">
</Event><Event ErrorLevel="0" Project="WOFService" Source="..\..\WOFService\WofResponseInterface_v1_0.cs" Description="File successfully backed up as C:\dev_2010\BaseWofService\Corps\WaterWebService\Backup\WOFService\WofResponseInterface_v1_0.cs">
</Event><Event ErrorLevel="0" Project="WOFService" Source="..\..\WOFService\WofResponseInterface_v1_1.cs" Description="File successfully backed up as C:\dev_2010\BaseWofService\Corps\WaterWebService\Backup\WOFService\WofResponseInterface_v1_1.cs">
</Event><Event ErrorLevel="0" Project="WOFService" Source="..\..\WOFService\WofResponseInterface_v2_0.cs" Description="File successfully backed up as C:\dev_2010\BaseWofService\Corps\WaterWebService\Backup\WOFService\WofResponseInterface_v2_0.cs">
</Event><Event ErrorLevel="0" Project="WOFService" Source="..\..\WOFService\WofService.cs" Description="File successfully backed up as C:\dev_2010\BaseWofService\Corps\WaterWebService\Backup\WOFService\WofService.cs">
</Event><Event ErrorLevel="0" Project="WOFService" Source="..\..\WOFService\Properties\AssemblyInfo.cs" Description="File successfully backed up as C:\dev_2010\BaseWofService\Corps\WaterWebService\Backup\WOFService\Properties\AssemblyInfo.cs">
</Event><Event ErrorLevel="0" Project="WOFService" Source="..\..\WOFService\app.config" Description="File successfully backed up as C:\dev_2010\BaseWofService\Corps\WaterWebService\Backup\WOFService\app.config">
</Event><Event ErrorLevel="0" Project="WOFService" Source="..\..\WOFService\CoreTables.xsc" Description="File successfully backed up as C:\dev_2010\BaseWofService\Corps\WaterWebService\Backup\WOFService\CoreTables.xsc">
</Event><Event ErrorLevel="0" Project="WOFService" Source="..\..\WOFService\CoreTables.xsd" Description="File successfully backed up as C:\dev_2010\BaseWofService\Corps\WaterWebService\Backup\WOFService\CoreTables.xsd">
</Event><Event ErrorLevel="0" Project="WOFService" Source="..\..\WOFService\CoreTables.xss" Description="File successfully backed up as C:\dev_2010\BaseWofService\Corps\WaterWebService\Backup\WOFService\CoreTables.xss">
</Event><Event ErrorLevel="0" Project="WOFService" Source="..\..\WOFService\DataValuesTables.xsc" Description="File successfully backed up as C:\dev_2010\BaseWofService\Corps\WaterWebService\Backup\WOFService\DataValuesTables.xsc">
</Event><Event ErrorLevel="0" Project="WOFService" Source="..\..\WOFService\DataValuesTables.xsd" Description="File successfully backed up as C:\dev_2010\BaseWofService\Corps\WaterWebService\Backup\WOFService\DataValuesTables.xsd">
</Event><Event ErrorLevel="0" Project="WOFService" Source="..\..\WOFService\DataValuesTables.xss" Description="File successfully backed up as C:\dev_2010\BaseWofService\Corps\WaterWebService\Backup\WOFService\DataValuesTables.xss">
</Event><Event ErrorLevel="0" Project="WOFService" Source="..\..\WOFService\sdsc_his.snk" Description="File successfully backed up as C:\dev_2010\BaseWofService\Corps\WaterWebService\Backup\WOFService\sdsc_his.snk">
</Event><Event ErrorLevel="0" Project="WOFService" Source="..\..\WOFService\log4net.dll" Description="File successfully backed up as C:\dev_2010\BaseWofService\Corps\WaterWebService\Backup\WOFService\log4net.dll">
</Event><Event ErrorLevel="0" Project="WOFService" Source="..\..\WOFService\WOFService.csproj" Description="The project file does not require conversion.">
</Event><Event ErrorLevel="3" Project="WOFService" Source="..\..\WOFService\WOFService.csproj" Description="No Conversion Required">
</Event><Event ErrorLevel="0" Project="RestService" Source="CorpsRestService\RestService.csproj" Description="Project file successfully backed up as C:\dev_2010\BaseWofService\Corps\WaterWebService\Backup\CorpsRestService\RestService.csproj">
</Event><Event ErrorLevel="0" Project="RestService" Source="CorpsRestService\RestService.csproj.user" Description="Project user file successfully backed up as C:\dev_2010\BaseWofService\Corps\WaterWebService\Backup\CorpsRestService\RestService.csproj.user">
</Event><Event ErrorLevel="0" Project="RestService" Source="CorpsRestService\RestService.Generic.DataInformation.cs" Description="File successfully backed up as C:\dev_2010\BaseWofService\Corps\WaterWebService\Backup\CorpsRestService\RestService.Generic.DataInformation.cs">
</Event><Event ErrorLevel="0" Project="RestService" Source="CorpsRestService\RestService.Generic.DataTimeSeriesService.cs" Description="File successfully backed up as C:\dev_2010\BaseWofService\Corps\WaterWebService\Backup\CorpsRestService\RestService.Generic.DataTimeSeriesService.cs">
</Event><Event ErrorLevel="0" Project="RestService" Source="CorpsRestService\RestServiceClient.cs" Description="File successfully backed up as C:\dev_2010\BaseWofService\Corps\WaterWebService\Backup\CorpsRestService\RestServiceClient.cs">
</Event><Event ErrorLevel="0" Project="RestService" Source="CorpsRestService\RestServices.Variable.cs" Description="File successfully backed up as C:\dev_2010\BaseWofService\Corps\WaterWebService\Backup\CorpsRestService\RestServices.Variable.cs">
</Event><Event ErrorLevel="0" Project="RestService" Source="CorpsRestService\RestServiceUtility.cs" Description="File successfully backed up as C:\dev_2010\BaseWofService\Corps\WaterWebService\Backup\CorpsRestService\RestServiceUtility.cs">
</Event><Event ErrorLevel="0" Project="RestService" Source="CorpsRestService\Properties\AssemblyInfo.cs" Description="File successfully backed up as C:\dev_2010\BaseWofService\Corps\WaterWebService\Backup\CorpsRestService\Properties\AssemblyInfo.cs">
</Event><Event ErrorLevel="0" Project="RestService" Source="CorpsRestService\RestService.Values.cs" Description="File successfully backed up as C:\dev_2010\BaseWofService\Corps\WaterWebService\Backup\CorpsRestService\RestService.Values.cs">
</Event><Event ErrorLevel="0" Project="RestService" Source="CorpsRestService\RestServices.Sites.cs" Description="File successfully backed up as C:\dev_2010\BaseWofService\Corps\WaterWebService\Backup\CorpsRestService\RestServices.Sites.cs">
</Event><Event ErrorLevel="0" Project="RestService" Source="CorpsRestService\log4net.dll" Description="File successfully backed up as C:\dev_2010\BaseWofService\Corps\WaterWebService\Backup\CorpsRestService\log4net.dll">
</Event><Event ErrorLevel="1" Project="RestService" Source="CorpsRestService\RestService.csproj" Description="Your project is targeting .NET Framework 2.0 or 3.0. If your project uses assemblies requiring a newer .NET Framework, your project will fail to build. You can change the .NET Framework version by clicking Properties on the project menu and then selecting a new version in the '.NET Framework' dropdown box. (In Visual Basic, this is located on the Compile tab by clicking the 'Advanced Compiler Options...' button.)">
</Event><Event ErrorLevel="0" Project="RestService" Source="CorpsRestService\RestService.csproj" Description="Project converted successfully">
</Event><Event ErrorLevel="3" Project="RestService" Source="CorpsRestService\RestService.csproj" Description="Converted">
</Event><Event ErrorLevel="1" Project="WofSchemas" Source="..\..\WofSchemas\WofSchemas.csproj" Description="Warning: The project file is being backed up to a relative path that differs from the original solution relative path.  The difference in folder hierarchy may create problems in opening or building the backed up solution and project.">
</Event><Event ErrorLevel="0" Project="WofSchemas" Source="..\..\WofSchemas\WofSchemas.csproj" Description="Project file successfully backed up as C:\dev_2010\BaseWofService\Corps\WaterWebService\Backup\WofSchemas\WofSchemas.csproj">
</Event><Event ErrorLevel="0" Project="WofSchemas" Source="..\..\WofSchemas\WofSchemas.csproj.user" Description="Project user file successfully backed up as C:\dev_2010\BaseWofService\Corps\WaterWebService\Backup\WofSchemas\WofSchemas.csproj.user">
</Event><Event ErrorLevel="0" Project="WofSchemas" Source="..\..\WofSchemas\cuahsiTimeSeries_v1_0.cs" Description="File successfully backed up as C:\dev_2010\BaseWofService\Corps\WaterWebService\Backup\WofSchemas\cuahsiTimeSeries_v1_0.cs">
</Event><Event ErrorLevel="0" Project="WofSchemas" Source="..\..\WofSchemas\cuahsiTimeSeries_v1_1.cs" Description="File successfully backed up as C:\dev_2010\BaseWofService\Corps\WaterWebService\Backup\WofSchemas\cuahsiTimeSeries_v1_1.cs">
</Event><Event ErrorLevel="0" Project="WofSchemas" Source="..\..\WofSchemas\cuahsiTimeSeries_v2_0.cs" Description="File successfully backed up as C:\dev_2010\BaseWofService\Corps\WaterWebService\Backup\WofSchemas\cuahsiTimeSeries_v2_0.cs">
</Event><Event ErrorLevel="0" Project="WofSchemas" Source="..\..\WofSchemas\GetSchema.cs" Description="File successfully backed up as C:\dev_2010\BaseWofService\Corps\WaterWebService\Backup\WofSchemas\GetSchema.cs">
</Event><Event ErrorLevel="0" Project="WofSchemas" Source="..\..\WofSchemas\Properties\AssemblyInfo.cs" Description="File successfully backed up as C:\dev_2010\BaseWofService\Corps\WaterWebService\Backup\WofSchemas\Properties\AssemblyInfo.cs">
</Event><Event ErrorLevel="0" Project="WofSchemas" Source="..\..\WofSchemas\Properties\Resources.Designer.cs" Description="File successfully backed up as C:\dev_2010\BaseWofService\Corps\WaterWebService\Backup\WofSchemas\Properties\Resources.Designer.cs">
</Event><Event ErrorLevel="0" Project="WofSchemas" Source="..\..\WofSchemas\Properties\Settings.Designer.cs" Description="File successfully backed up as C:\dev_2010\BaseWofService\Corps\WaterWebService\Backup\WofSchemas\Properties\Settings.Designer.cs">
</Event><Event ErrorLevel="0" Project="WofSchemas" Source="..\..\WofSchemas\app.config" Description="File successfully backed up as C:\dev_2010\BaseWofService\Corps\WaterWebService\Backup\WofSchemas\app.config">
</Event><Event ErrorLevel="0" Project="WofSchemas" Source="..\..\WofSchemas\cuahsiTimeSeries_v1_0.xsd" Description="File successfully backed up as C:\dev_2010\BaseWofService\Corps\WaterWebService\Backup\WofSchemas\cuahsiTimeSeries_v1_0.xsd">
</Event><Event ErrorLevel="0" Project="WofSchemas" Source="..\..\WofSchemas\cuahsiTimeSeries_v1_0.xsx" Description="File successfully backed up as C:\dev_2010\BaseWofService\Corps\WaterWebService\Backup\WofSchemas\cuahsiTimeSeries_v1_0.xsx">
</Event><Event ErrorLevel="0" Project="WofSchemas" Source="..\..\WofSchemas\cuahsiTimeSeries_v1_1.xsd" Description="File successfully backed up as C:\dev_2010\BaseWofService\Corps\WaterWebService\Backup\WofSchemas\cuahsiTimeSeries_v1_1.xsd">
</Event><Event ErrorLevel="0" Project="WofSchemas" Source="..\..\WofSchemas\cuahsiTimeSeries_v1_1.xsx" Description="File successfully backed up as C:\dev_2010\BaseWofService\Corps\WaterWebService\Backup\WofSchemas\cuahsiTimeSeries_v1_1.xsx">
</Event><Event ErrorLevel="0" Project="WofSchemas" Source="..\..\WofSchemas\cuahsiTimeSeries_v2_0.xsd" Description="File successfully backed up as C:\dev_2010\BaseWofService\Corps\WaterWebService\Backup\WofSchemas\cuahsiTimeSeries_v2_0.xsd">
</Event><Event ErrorLevel="0" Project="WofSchemas" Source="..\..\WofSchemas\cuahsiTimeSeries_v2_0.xsx" Description="File successfully backed up as C:\dev_2010\BaseWofService\Corps\WaterWebService\Backup\WofSchemas\cuahsiTimeSeries_v2_0.xsx">
</Event><Event ErrorLevel="0" Project="WofSchemas" Source="..\..\WofSchemas\genSchema.bat" Description="File successfully backed up as C:\dev_2010\BaseWofService\Corps\WaterWebService\Backup\WofSchemas\genSchema.bat">
</Event><Event ErrorLevel="0" Project="WofSchemas" Source="..\..\WofSchemas\Properties\Settings.settings" Description="File successfully backed up as C:\dev_2010\BaseWofService\Corps\WaterWebService\Backup\WofSchemas\Properties\Settings.settings">
</Event><Event ErrorLevel="0" Project="WofSchemas" Source="..\..\WofSchemas\sdsc_his.snk" Description="File successfully backed up as C:\dev_2010\BaseWofService\Corps\WaterWebService\Backup\WofSchemas\sdsc_his.snk">
</Event><Event ErrorLevel="0" Project="WofSchemas" Source="..\..\WofSchemas\GenerateTimeSeriesSchemaClass.xml" Description="File successfully backed up as C:\dev_2010\BaseWofService\Corps\WaterWebService\Backup\WofSchemas\GenerateTimeSeriesSchemaClass.xml">
</Event><Event ErrorLevel="0" Project="WofSchemas" Source="..\..\WofSchemas\Properties\Resources.resx" Description="File successfully backed up as C:\dev_2010\BaseWofService\Corps\WaterWebService\Backup\WofSchemas\Properties\Resources.resx">
</Event><Event ErrorLevel="0" Project="WofSchemas" Source="..\..\WofSchemas\WofSchemas.csproj" Description="The project file does not require conversion.">
</Event><Event ErrorLevel="3" Project="WofSchemas" Source="..\..\WofSchemas\WofSchemas.csproj" Description="No Conversion Required">
</Event><Event ErrorLevel="0" Project="RestServiceTest" Source="RestServiceTest\RestServiceTest.csproj" Description="Project file successfully backed up as C:\dev_2010\BaseWofService\Corps\WaterWebService\Backup\RestServiceTest\RestServiceTest.csproj">
</Event><Event ErrorLevel="0" Project="RestServiceTest" Source="RestServiceTest\VariablesRestTest.cs" Description="File successfully backed up as C:\dev_2010\BaseWofService\Corps\WaterWebService\Backup\RestServiceTest\VariablesRestTest.cs">
</Event><Event ErrorLevel="0" Project="RestServiceTest" Source="RestServiceTest\RestUtilityTest.cs" Description="File successfully backed up as C:\dev_2010\BaseWofService\Corps\WaterWebService\Backup\RestServiceTest\RestUtilityTest.cs">
</Event><Event ErrorLevel="0" Project="RestServiceTest" Source="RestServiceTest\GenericRestTest.cs" Description="File successfully backed up as C:\dev_2010\BaseWofService\Corps\WaterWebService\Backup\RestServiceTest\GenericRestTest.cs">
</Event><Event ErrorLevel="0" Project="RestServiceTest" Source="RestServiceTest\Properties\AssemblyInfo.cs" Description="File successfully backed up as C:\dev_2010\BaseWofService\Corps\WaterWebService\Backup\RestServiceTest\Properties\AssemblyInfo.cs">
</Event><Event ErrorLevel="1" Project="RestServiceTest" Source="RestServiceTest\RestServiceTest.csproj" Description="Your project is targeting .NET Framework 2.0 or 3.0. If your project uses assemblies requiring a newer .NET Framework, your project will fail to build. You can change the .NET Framework version by clicking Properties on the project menu and then selecting a new version in the '.NET Framework' dropdown box. (In Visual Basic, this is located on the Compile tab by clicking the 'Advanced Compiler Options...' button.)">
</Event><Event ErrorLevel="0" Project="RestServiceTest" Source="RestServiceTest\RestServiceTest.csproj" Description="Project converted successfully">
</Event><Event ErrorLevel="3" Project="RestServiceTest" Source="RestServiceTest\RestServiceTest.csproj" Description="Converted">
</Event><Event ErrorLevel="1" Project="" Source="..\..\..\BasicOneFlowWebService\ASOSRestService\CorpsProxyService\" Description="Warning: The project file is being backed up to a relative path that differs from the original solution relative path.  The difference in folder hierarchy may create problems in opening or building the backed up solution and project.">
</Event><Event ErrorLevel="2" Project="C:\dev_2010\BasicOneFlowWebService\ASOSRestService\CorpsProxyService\" Source="..\..\..\BasicOneFlowWebService\ASOSRestService\CorpsProxyService\" Description="ERROR: Failed to back up Web site C:\dev_2010\BasicOneFlowWebService\ASOSRestService\CorpsProxyService\">
</Event><Event ErrorLevel="0" Project="" Source="CorpsProxy.sln" Description="Solution converted successfully">
</Event><Event ErrorLevel="3" Project="" Source="CorpsProxy.sln" Description="Converted">
</Event><Event ErrorLevel="0" Project="WaterWebService" Source="WaterWebService\WaterWebService.csproj" Description="Scan complete: Upgrade not required for project files.">
</Event><Event ErrorLevel="0" Project="RestService" Source="CorpsRestService\RestService.csproj" Description="Scan complete: Upgrade not required for project files.">
</Event><Event ErrorLevel="0" Project="RestServiceTest" Source="RestServiceTest\RestServiceTest.csproj" Description="Scan complete: Upgrade not required for project files.">
</Event></UpgradeLog>