<?xml version="1.0" encoding="UTF-8"?><?xml-stylesheet type='text/xsl' href='_UpgradeReport_Files/UpgradeReport.xslt'?><UpgradeLog>
<Properties><Property Name="Solution" Value="EPAWebService">
</Property><Property Name="Solution File" Value="C:\dev_2010\BaseWofService\EPAWebService\EPAWebService.sln">
</Property><Property Name="Date" Value="Thursday, May 05, 2011">
</Property><Property Name="Time" Value="8:03 AM">
</Property></Properties><Event ErrorLevel="1" Project="EPAWOFService" Source="EPAWOFService\EPAWOFService.csproj" Description="Your project is targeting .NET Framework 2.0 or 3.0. If your project uses assemblies requiring a newer .NET Framework, your project will fail to build. You can change the .NET Framework version by clicking Properties on the project menu and then selecting a new version in the '.NET Framework' dropdown box. (In Visual Basic, this is located on the Compile tab by clicking the 'Advanced Compiler Options...' button.)">
</Event><Event ErrorLevel="0" Project="EPAWOFService" Source="EPAWOFService\EPAWOFService.csproj" Description="Project converted successfully">
</Event><Event ErrorLevel="3" Project="EPAWOFService" Source="EPAWOFService\EPAWOFService.csproj" Description="Converted">
</Event><Event ErrorLevel="0" Project="EpaWebService_deploy" Source="EpaWebService_deploy\EpaWebService_deploy.wdproj" Description="Project file opened successfully">
</Event><Event ErrorLevel="0" Project="EpaWebService_deploy" Source="EpaWebService_deploy\EpaWebService_deploy.wdproj" Description="No Conversion Required">
</Event><Event ErrorLevel="0" Project="EpaWebService_deploy" Source="EpaWebService_deploy\EpaWebService_deploy.wdproj" Description="Get root element Project successfully">
</Event><Event ErrorLevel="0" Project="EpaWebService_deploy" Source="EpaWebService_deploy\EpaWebService_deploy.wdproj" Description="No Conversion Required">
</Event><Event ErrorLevel="0" Project="EpaWebService_deploy" Source="EpaWebService_deploy\EpaWebService_deploy.wdproj" Description="Require Upgrade">
</Event><Event ErrorLevel="0" Project="EpaWebService_deploy" Source="EpaWebService_deploy\EpaWebService_deploy.wdproj" Description="Project converted successfully">
</Event><Event ErrorLevel="3" Project="EpaWebService_deploy" Source="EpaWebService_deploy\EpaWebService_deploy.wdproj" Description="Converted">
</Event><Event ErrorLevel="1" Project="EPAWQXConsole" Source="EPAWQXConsole\EPAWQXConsole.csproj" Description="Your project is targeting .NET Framework 2.0 or 3.0. If your project uses assemblies requiring a newer .NET Framework, your project will fail to build. You can change the .NET Framework version by clicking Properties on the project menu and then selecting a new version in the '.NET Framework' dropdown box. (In Visual Basic, this is located on the Compile tab by clicking the 'Advanced Compiler Options...' button.)">
</Event><Event ErrorLevel="0" Project="EPAWQXConsole" Source="EPAWQXConsole\EPAWQXConsole.csproj" Description="Project converted successfully">
</Event><Event ErrorLevel="3" Project="EPAWQXConsole" Source="EPAWQXConsole\EPAWQXConsole.csproj" Description="Converted">
</Event><Event ErrorLevel="0" Project="waterOneFlowImpl" Source="..\waterOneFlowImpl\waterOneFlowImpl.csproj" Description="The project file does not require conversion.">
</Event><Event ErrorLevel="3" Project="waterOneFlowImpl" Source="..\waterOneFlowImpl\waterOneFlowImpl.csproj" Description="No Conversion Required">
</Event><Event ErrorLevel="0" Project="WOFService" Source="..\WOFService\WOFService.csproj" Description="The project file does not require conversion.">
</Event><Event ErrorLevel="3" Project="WOFService" Source="..\WOFService\WOFService.csproj" Description="No Conversion Required">
</Event><Event ErrorLevel="0" Project="WofSchemas" Source="..\WofSchemas\WofSchemas.csproj" Description="The project file does not require conversion.">
</Event><Event ErrorLevel="3" Project="WofSchemas" Source="..\WofSchemas\WofSchemas.csproj" Description="No Conversion Required">
</Event><Event ErrorLevel="0" Project="ODM1_1_Datasets" Source="..\ODM1_1_Datasets\ODM1_1_Datasets.csproj" Description="The project file does not require conversion.">
</Event><Event ErrorLevel="3" Project="ODM1_1_Datasets" Source="..\ODM1_1_Datasets\ODM1_1_Datasets.csproj" Description="No Conversion Required">
</Event><Event ErrorLevel="0" Project="WofCapabilities" Source="..\WofCapabilities\WofCapabilities.csproj" Description="The project file does not require conversion.">
</Event><Event ErrorLevel="3" Project="WofCapabilities" Source="..\WofCapabilities\WofCapabilities.csproj" Description="No Conversion Required">
</Event><Event ErrorLevel="1" Project="ODMDataInfoSource" Source="..\ODMDataInfoSource\ODMDataInfoSource.csproj" Description="Your project is targeting .NET Framework 2.0 or 3.0. If your project uses assemblies requiring a newer .NET Framework, your project will fail to build. You can change the .NET Framework version by clicking Properties on the project menu and then selecting a new version in the '.NET Framework' dropdown box. (In Visual Basic, this is located on the Compile tab by clicking the 'Advanced Compiler Options...' button.)">
</Event><Event ErrorLevel="0" Project="ODMDataInfoSource" Source="..\ODMDataInfoSource\ODMDataInfoSource.csproj" Description="Project converted successfully">
</Event><Event ErrorLevel="3" Project="ODMDataInfoSource" Source="..\ODMDataInfoSource\ODMDataInfoSource.csproj" Description="Converted">
</Event><Event ErrorLevel="0" Project="WOFutilities" Source="..\WOFutilities\WOFutilities.csproj" Description="The project file does not require conversion.">
</Event><Event ErrorLevel="3" Project="WOFutilities" Source="..\WOFutilities\WOFutilities.csproj" Description="No Conversion Required">
</Event><Event ErrorLevel="0" Project="" Source="EPAWebService.sln" Description="Solution converted successfully">
</Event><Event ErrorLevel="3" Project="" Source="EPAWebService.sln" Description="Converted">
</Event><Event ErrorLevel="0" Project="EPAWOFService" Source="EPAWOFService\EPAWOFService.csproj" Description="Scan complete: Upgrade not required for project files.">
</Event><Event ErrorLevel="0" Project="EPAWQXConsole" Source="EPAWQXConsole\EPAWQXConsole.csproj" Description="Scan complete: Upgrade not required for project files.">
</Event><Event ErrorLevel="0" Project="ODMDataInfoSource" Source="..\ODMDataInfoSource\ODMDataInfoSource.csproj" Description="Scan complete: Upgrade not required for project files.">
</Event></UpgradeLog>